,prev,curr,type,n
618463,2022_russian_invasion_of_ukraine,timeline_of_the_2022_russian_invasion_of_ukraine,link,175803
11492260,2022_russian_invasion_of_ukraine,list_of_military_engagements_during_the_2022_russian_invasion_of_ukraine,link,106650
24708876,2022_russian_invasion_of_ukraine,order_of_battle_for_the_2022_russian_invasion_of_ukraine,link,38551
15041872,2022_russian_invasion_of_ukraine,russo-ukrainian_war,link,30946
30285587,2022_russian_invasion_of_ukraine,casualties_of_the_russo-ukrainian_war,link,25631
21598940,2022_russian_invasion_of_ukraine,donetsk_people's_republic,link,18784
10214507,2022_russian_invasion_of_ukraine,main_page,other,18628
9753387,2022_russian_invasion_of_ukraine,control_of_cities_during_the_russo-ukrainian_war,link,18387
20121616,2022_russian_invasion_of_ukraine,volodymyr_zelenskyy,link,17476
13114688,2022_russian_invasion_of_ukraine,war_crimes_in_the_2022_russian_invasion_of_ukraine,link,16319
4667838,2022_russian_invasion_of_ukraine,2022_ukrainian_refugee_crisis,link,15902
29324843,2022_russian_invasion_of_ukraine,list_of_foreign_aid_to_ukraine_during_the_russo-ukrainian_war,link,14579
3427717,2022_russian_invasion_of_ukraine,luhansk_people's_republic,link,12591
24137357,2022_russian_invasion_of_ukraine,ukraine,link,11908
5902018,2022_russian_invasion_of_ukraine,2022_ukrainian_southern_counteroffensive,link,10914
5583624,2022_russian_invasion_of_ukraine,government_and_intergovernmental_reactions_to_the_2022_russian_invasion_of_ukraine,link,9784
18255476,2022_russian_invasion_of_ukraine,vladimir_putin,link,9783
2451091,2022_russian_invasion_of_ukraine,battle_of_donbas_(2022),link,9026
1823693,2022_russian_invasion_of_ukraine,list_of_russian_generals_killed_during_the_2022_invasion_of_ukraine,link,8909
21795869,2022_russian_invasion_of_ukraine,2022_russian_mystery_fires,link,8533
10358758,2022_russian_invasion_of_ukraine,russia,link,7255
12400069,2022_russian_invasion_of_ukraine,russian_irredentism,link,7102
19288565,2022_russian_invasion_of_ukraine,eastern_ukraine_offensive,link,7021
7420827,2022_russian_invasion_of_ukraine,2022_food_crises,link,6892
16632029,2022_russian_invasion_of_ukraine,list_of_invasions_and_occupations_of_ukraine,link,6594
4099488,2022_russian_invasion_of_ukraine,list_of_aircraft_losses_during_the_russo-ukrainian_war,link,6347
18684159,2022_russian_invasion_of_ukraine,wagner_group,link,6217
23146324,2022_russian_invasion_of_ukraine,sergei_shoigu,link,5685
14132036,2022_russian_invasion_of_ukraine,annexation_of_crimea_by_the_russian_federation,link,5657
1142880,2022_russian_invasion_of_ukraine,belarus,link,5516
11893771,2022_russian_invasion_of_ukraine,russian_separatist_forces_in_donbas,link,5310
5907987,2022_russian_invasion_of_ukraine,international_legion_of_territorial_defense_of_ukraine,link,5109
15642436,2022_russian_invasion_of_ukraine,denazification,link,5012
4888199,2022_russian_invasion_of_ukraine,russian_cruiser_moskva,link,4821
15959167,2022_russian_invasion_of_ukraine,southern_ukraine_campaign,link,4358
26385281,2022_russian_invasion_of_ukraine,list_of_largest_refugee_crises,link,4315
8254334,2022_russian_invasion_of_ukraine,united_nations_general_assembly_resolution_es-11/1,link,4201
29273768,2022_russian_invasion_of_ukraine,siege_of_mariupol,link,4195
3896621,2022_russian_invasion_of_ukraine,list_of_ongoing_armed_conflicts,link,3996
15356712,2022_russian_invasion_of_ukraine,kyiv_offensive_(2022),link,3910
24900024,2022_russian_invasion_of_ukraine,on_conducting_a_special_military_operation,link,3808
18490296,2022_russian_invasion_of_ukraine,ukrainian_resistance_during_the_2022_russian_invasion_of_ukraine,link,3801
1323462,2022_russian_invasion_of_ukraine,economic_impact_of_the_2022_russian_invasion_of_ukraine,link,3617
28589566,2022_russian_invasion_of_ukraine,2022_anti-war_protests_in_russia,link,3605
7458560,2022_russian_invasion_of_ukraine,list_of_ship_losses_during_the_russo-ukrainian_war,link,3298
9614064,2022_russian_invasion_of_ukraine,prelude_to_the_2022_russian_invasion_of_ukraine,link,3192
11420359,2022_russian_invasion_of_ukraine,z_(military_symbol),link,3131
2827145,2022_russian_invasion_of_ukraine,list_of_interstate_wars_since_1945,link,3046
30005709,2022_russian_invasion_of_ukraine,assassination_attempts_on_volodymyr_zelenskyy,link,2996
31934444,2022_russian_invasion_of_ukraine,2022_in_russia,link,2985
29855034,2022_russian_invasion_of_ukraine,2022_novofedorivka_explosions,link,2908
10120939,2022_russian_invasion_of_ukraine,2022_in_ukraine,link,2885
22984878,2022_russian_invasion_of_ukraine,battle_of_kyiv_(2022),link,2819
4893050,2022_russian_invasion_of_ukraine,second_cold_war,link,2719
30022535,2022_russian_invasion_of_ukraine,armed_forces_of_ukraine,link,2693
28199934,2022_russian_invasion_of_ukraine,2022_russian_invasion_of_ukraine_reactions,link,2599
20493734,2022_russian_invasion_of_ukraine,international_sanctions_during_the_2022_russian_invasion_of_ukraine,link,2514
787589,2022_russian_invasion_of_ukraine,russian_occupation_of_kherson_oblast,link,2477
6405329,2022_russian_invasion_of_ukraine,bucha_massacre,link,2465
12086504,2022_russian_invasion_of_ukraine,fog_of_war,link,2368
28996991,2022_russian_invasion_of_ukraine,zaporizhzhia_oblast,link,2289
29079512,2022_russian_invasion_of_ukraine,m142_himars,link,2223
2843736,2022_russian_invasion_of_ukraine,neo-nazism,link,2207
15611227,2022_russian_invasion_of_ukraine,2022_western_russia_attacks,link,2160
31775041,2022_russian_invasion_of_ukraine,protests_against_the_2022_russian_invasion_of_ukraine,link,2152
11302117,2022_russian_invasion_of_ukraine,kherson_oblast,link,2148
16643927,2022_russian_invasion_of_ukraine,battle_of_kharkiv_(2022),link,2125
10708339,2022_russian_invasion_of_ukraine,torture_of_russian_soldiers_in_mala_rohan,link,2067
15455907,2022_russian_invasion_of_ukraine,northeastern_ukraine_campaign,link,2028
16858638,2022_russian_invasion_of_ukraine,important_stories,link,2008
12430039,2022_russian_invasion_of_ukraine,2022_russia–ukraine_peace_negotiations,link,1993
16776426,2022_russian_invasion_of_ukraine,world_war_ii,link,1982
9006104,2022_russian_invasion_of_ukraine,national_guard_of_russia,link,1944
30052395,2022_russian_invasion_of_ukraine,list_of_journalists_killed_during_the_russo-ukrainian_war,link,1890
7934583,2022_russian_invasion_of_ukraine,olenivka_prison_massacre,link,1829
22058581,2022_russian_invasion_of_ukraine,national_guard_of_ukraine,link,1815
9640923,2022_russian_invasion_of_ukraine,russian_armed_forces,link,1738
28860020,2022_russian_invasion_of_ukraine,czech_hedgehog,link,1735
25034118,2022_russian_invasion_of_ukraine,martial_law,link,1713
6333496,2022_russian_invasion_of_ukraine,non-government_reactions_to_the_2022_russian_invasion_of_ukraine,link,1668
21065254,2022_russian_invasion_of_ukraine,battle_of_sievierodonetsk_(2022),link,1634
5784270,2022_russian_invasion_of_ukraine,battle_of_bakhmut,link,1608
7705385,2022_russian_invasion_of_ukraine,belarusian_involvement_in_the_2022_russian_invasion_of_ukraine,link,1583
29255383,2022_russian_invasion_of_ukraine,war_in_donbas_(2014–2022),link,1566
27591851,2022_russian_invasion_of_ukraine,mobilization,link,1554
2110437,2022_russian_invasion_of_ukraine,macky_sall,link,1549
25639050,2022_russian_invasion_of_ukraine,quasi-state,link,1548
11198577,2022_russian_invasion_of_ukraine,battle_of_kherson,link,1534
28628911,2022_russian_invasion_of_ukraine,disinformation_in_the_2021–2022_russo-ukrainian_crisis,link,1517
31718916,2022_russian_invasion_of_ukraine,luhansk_oblast,link,1483
7792275,2022_russian_invasion_of_ukraine,right_to_exist,link,1466
23705669,2022_russian_invasion_of_ukraine,2022_transnistria_attacks,link,1465
28646647,2022_russian_invasion_of_ukraine,battle_of_soledar,link,1455
23544081,2022_russian_invasion_of_ukraine,russian_occupation_of_zaporizhzhia_oblast,link,1445
21792842,2022_russian_invasion_of_ukraine,russians_in_ukraine,link,1420
15445291,2022_russian_invasion_of_ukraine,warsaw_pact_invasion_of_czechoslovakia,link,1413
11671550,2022_russian_invasion_of_ukraine,sviatohirsk_lavra,link,1385
26341124,2022_russian_invasion_of_ukraine,2022_protests_in_russian-occupied_ukraine,link,1384
3645723,2022_russian_invasion_of_ukraine,russo-georgian_war,link,1371
17747484,2022_russian_invasion_of_ukraine,address_concerning_the_events_in_ukraine,link,1366
24049611,2022_russian_invasion_of_ukraine,post-soviet_conflicts,link,1364
27369924,2022_russian_invasion_of_ukraine,list_of_wars_between_russia_and_ukraine,link,1358
7754962,2022_russian_invasion_of_ukraine,council_of_europe,link,1355
19732832,2022_russian_invasion_of_ukraine,transnistria_war,link,1353
16337387,2022_russian_invasion_of_ukraine,derussification_in_ukraine,link,1341
27511207,2022_russian_invasion_of_ukraine,battle_of_lysychansk,link,1318
27834543,2022_russian_invasion_of_ukraine,azov_regiment,link,1290
8570970,2022_russian_invasion_of_ukraine,olha_stefanishyna,link,1286
5178060,2022_russian_invasion_of_ukraine,crimes_against_humanity,link,1278
11819371,2022_russian_invasion_of_ukraine,federal_security_service,link,1252
29789003,2022_russian_invasion_of_ukraine,african_union,link,1247
17208582,2022_russian_invasion_of_ukraine,battle_of_mykolaiv,link,1239
30346716,2022_russian_invasion_of_ukraine,where_have_you_been_for_eight_years?,link,1235
7731039,2022_russian_invasion_of_ukraine,fertility_tourism,link,1218
19087178,2022_russian_invasion_of_ukraine,forced_displacement,link,1216
31299770,2022_russian_invasion_of_ukraine,capture_of_chernobyl,link,1202
29257730,2022_russian_invasion_of_ukraine,battle_of_antonov_airport,link,1193
27300131,2022_russian_invasion_of_ukraine,black_sea_bottlenose_dolphin,link,1192
14710797,2022_russian_invasion_of_ukraine,donbas,link,1192
2200325,2022_russian_invasion_of_ukraine,on_the_historical_unity_of_russians_and_ukrainians,link,1141
11427205,2022_russian_invasion_of_ukraine,bbc_news_russian,link,1128
18119949,2022_russian_invasion_of_ukraine,international_criminal_court,link,1124
21151343,2022_russian_invasion_of_ukraine,sergey_lavrov,link,1118
31782522,2022_russian_invasion_of_ukraine,humanitarian_situation_during_the_war_in_donbas,link,1099
6043963,2022_russian_invasion_of_ukraine,enlargement_of_nato,link,1096
15621604,2022_russian_invasion_of_ukraine,r-360_neptune,link,1083
32352464,2022_russian_invasion_of_ukraine,women_in_the_2022_russian_invasion_of_ukraine,link,1082
12217965,2022_russian_invasion_of_ukraine,russian_occupation_of_kharkiv_oblast,link,1070
30421416,2022_russian_invasion_of_ukraine,"russian_warship,_go_fuck_yourself",link,1056
25952078,2022_russian_invasion_of_ukraine,federation_council_(russia),link,1032
32377412,2022_russian_invasion_of_ukraine,russian_imperialism,link,1019
21895036,2022_russian_invasion_of_ukraine,battle_of_siversk,link,988
8401121,2022_russian_invasion_of_ukraine,black_sea_grain_initiative,link,980
17686101,2022_russian_invasion_of_ukraine,2022_snake_island_campaign,link,964
5643122,2022_russian_invasion_of_ukraine,invasion,link,961
12822864,2022_russian_invasion_of_ukraine,konstantin_ernst,other,943
30381215,2022_russian_invasion_of_ukraine,bmp-3,link,927
9130826,2022_russian_invasion_of_ukraine,battle_of_vuhledar,link,908
25692499,2022_russian_invasion_of_ukraine,list_of_people_and_organizations_sanctioned_during_the_russo-ukrainian_war,link,895
20407255,2022_russian_invasion_of_ukraine,sinking_of_the_moskva,link,895
15505208,2022_russian_invasion_of_ukraine,serhiivka_missile_strike,link,886
21440290,2022_russian_invasion_of_ukraine,baykar_bayraktar_tb2,link,886
2111,2022_russian_invasion_of_ukraine,kyiv,link,880
10625785,2022_russian_invasion_of_ukraine,mykolaiv_offensive_(august_2022),link,863
79680,2022_russian_invasion_of_ukraine,nato,link,861
19337352,2022_russian_invasion_of_ukraine,kremenchuk_shopping_mall_attack,link,859
21325168,2022_russian_invasion_of_ukraine,kherson,link,856
4848498,2022_russian_invasion_of_ukraine,attack_on_nova_kakhovka,link,833
26016628,2022_russian_invasion_of_ukraine,ashley_biden,other,832
9508591,2022_russian_invasion_of_ukraine,demilitarisation,link,831
9838824,2022_russian_invasion_of_ukraine,aleksandr_dvornikov,link,827
10853434,2022_russian_invasion_of_ukraine,caesar_self-propelled_howitzer,link,802
20017922,2022_russian_invasion_of_ukraine,media_freedom_in_russia,link,791
9963585,2022_russian_invasion_of_ukraine,mariupol,link,791
19461388,2022_russian_invasion_of_ukraine,2022_bombing_of_odesa,link,789
7154280,2022_russian_invasion_of_ukraine,mediazona,link,762
27615677,2022_russian_invasion_of_ukraine,dmitry_medvedev,link,760
20586493,2022_russian_invasion_of_ukraine,russia–ukraine_relations,link,738
6515745,2022_russian_invasion_of_ukraine,siege_of_chernihiv,link,738
4875515,2022_russian_invasion_of_ukraine,battle_of_pisky_(2022),link,728
17476112,2022_russian_invasion_of_ukraine,international_criminal_court_investigation_in_ukraine,link,723
26725305,2022_russian_invasion_of_ukraine,state_border_guard_service_of_ukraine,link,707
31695820,2022_russian_invasion_of_ukraine,molotov_cocktail,link,691
12277608,2022_russian_invasion_of_ukraine,white-blue-white_flag,link,690
7597396,2022_russian_invasion_of_ukraine,russian_emigration_following_the_2022_invasion_of_ukraine,link,671
21845251,2022_russian_invasion_of_ukraine,millerovo_air_base_attack,link,671
8418923,2022_russian_invasion_of_ukraine,battle_of_sumy,link,664
1224928,2022_russian_invasion_of_ukraine,unfriendly_countries_list,link,658
11892844,2022_russian_invasion_of_ukraine,list_of_damaged_cultural_sites_during_the_2022_russian_invasion_of_ukraine,link,655
30974703,2022_russian_invasion_of_ukraine,battle_of_izium_(2022),link,647
4308648,2022_russian_invasion_of_ukraine,crimea,link,643
29305793,2022_russian_invasion_of_ukraine,2020s_commodities_boom,link,631
6833903,2022_russian_invasion_of_ukraine,1993_russian_constitutional_crisis,link,631
901941,2022_russian_invasion_of_ukraine,soviet–afghan_war,link,625
12241798,2022_russian_invasion_of_ukraine,euromaidan,link,625
32008286,2022_russian_invasion_of_ukraine,"bucha,_kyiv_oblast",link,625
25998745,2022_russian_invasion_of_ukraine,kyiv_oblast,link,621
5648513,2022_russian_invasion_of_ukraine,novorossiya_(confederation),link,618
6870025,2022_russian_invasion_of_ukraine,74th_separate_guards_motor_rifle_brigade,link,615
29300665,2022_russian_invasion_of_ukraine,yugoslav_wars,link,589
14476807,2022_russian_invasion_of_ukraine,kharkiv,link,588
1304935,2022_russian_invasion_of_ukraine,battles_of_bohorodychne_and_krasnopillia,link,578
15099655,2022_russian_invasion_of_ukraine,battle_of_avdiivka_(2022),link,578
3417524,2022_russian_invasion_of_ukraine,donetsk_oblast,link,574
14682241,2022_russian_invasion_of_ukraine,ukrainian_cultural_heritage_during_the_2022_russian_invasion,link,572
23333571,2022_russian_invasion_of_ukraine,melitopol,link,569
25116859,2022_russian_invasion_of_ukraine,rs-28_sarmat,link,558
234221,2022_russian_invasion_of_ukraine,2022_russia–european_union_gas_dispute,link,558
12825269,2022_russian_invasion_of_ukraine,tony_radakin,link,555
14466534,2022_russian_invasion_of_ukraine,2022_karakalpak_protests,link,540
24709130,2022_russian_invasion_of_ukraine,snake_island_(ukraine),link,534
20356740,2022_russian_invasion_of_ukraine,international_sanctions_during_the_russo-ukrainian_war,link,534
19397151,2022_russian_invasion_of_ukraine,pyotr_ilyich_tchaikovsky,link,523
22973958,2022_russian_invasion_of_ukraine,accusation_in_a_mirror,link,521
19675361,2022_russian_invasion_of_ukraine,ramstein_air_base,link,520
15938883,2022_russian_invasion_of_ukraine,what_russia_should_do_with_ukraine,link,517
6147484,2022_russian_invasion_of_ukraine,russian_kyiv_convoy,link,513
376399,2022_russian_invasion_of_ukraine,battle_of_davydiv_brid,link,510
1451468,2022_russian_invasion_of_ukraine,nlaw,link,502
17280333,2022_russian_invasion_of_ukraine,tactical_nuclear_weapon,link,497
32057337,2022_russian_invasion_of_ukraine,multiple_rocket_launcher,link,488
6453369,2022_russian_invasion_of_ukraine,little_green_men_(russo-ukrainian_war),link,488
5109480,2022_russian_invasion_of_ukraine,battle_of_enerhodar,link,485
27991338,2022_russian_invasion_of_ukraine,"2nd_battalion,_503rd_infantry_regiment",link,485
7157090,2022_russian_invasion_of_ukraine,timeline_of_the_war_in_donbas_(2022),link,482
15057111,2022_russian_invasion_of_ukraine,2022,other,479
17399708,2022_russian_invasion_of_ukraine,zaporizhzhia_nuclear_power_plant,link,468
26127228,2022_russian_invasion_of_ukraine,first_chechen_war,link,461
2605108,2022_russian_invasion_of_ukraine,kraków,link,451
8723937,2022_russian_invasion_of_ukraine,united_nations_general_assembly,link,451
22285582,2022_russian_invasion_of_ukraine,battle_of_zolochiv,link,449
27264255,2022_russian_invasion_of_ukraine,siege_of_marinka,link,447
6814833,2022_russian_invasion_of_ukraine,atomic_bombings_of_hiroshima_and_nagasaki,link,439
26511755,2022_russian_invasion_of_ukraine,ukrainian_frigate_hetman_sahaidachny,link,437
14120873,2022_russian_invasion_of_ukraine,2014_pro-russian_unrest_in_ukraine,link,437
15786610,2022_russian_invasion_of_ukraine,oblast,link,434
2539943,2022_russian_invasion_of_ukraine,lviv,link,423
17254081,2022_russian_invasion_of_ukraine,rashism,link,422
25637134,2022_russian_invasion_of_ukraine,international_recognition_of_the_donetsk_people's_republic_and_the_luhansk_people's_republic,link,417
21096437,2022_russian_invasion_of_ukraine,legality_of_the_2022_russian_invasion_of_ukraine,link,413
24275447,2022_russian_invasion_of_ukraine,airstrike,link,413
2572229,2022_russian_invasion_of_ukraine,revolution_of_dignity,link,411
28683318,2022_russian_invasion_of_ukraine,kramatorsk_railway_station_attack,link,410
7911441,2022_russian_invasion_of_ukraine,battle_of_huliaipole,link,405
26037415,2022_russian_invasion_of_ukraine,international_court_of_justice,link,401
16873457,2022_russian_invasion_of_ukraine,gennady_zhidko,link,401
15916732,2022_russian_invasion_of_ukraine,budapest_memorandum_on_security_assurances,link,398
635258,2022_russian_invasion_of_ukraine,trostianets,link,398
26776145,2022_russian_invasion_of_ukraine,battle_of_dovhenke,link,393
29670657,2022_russian_invasion_of_ukraine,vasily_nebenzya,link,389
23289843,2022_russian_invasion_of_ukraine,boris_bondarev,link,386
22852951,2022_russian_invasion_of_ukraine,m777_howitzer,link,385
14524742,2022_russian_invasion_of_ukraine,scythians,link,385
11436891,2022_russian_invasion_of_ukraine,war_in_abkhazia_(1992–1993),link,379
10634017,2022_russian_invasion_of_ukraine,2022_dnipro_missile_strikes,link,375
5155226,2022_russian_invasion_of_ukraine,battle_of_vasylkiv,link,374
2986563,2022_russian_invasion_of_ukraine,all-russian_nation,link,373
625427,2022_russian_invasion_of_ukraine,alexander_lukashenko,link,372
30695133,2022_russian_invasion_of_ukraine,unlawful_combatant,link,363
9725791,2022_russian_invasion_of_ukraine,war_hawk,link,355
15763124,2022_russian_invasion_of_ukraine,russian_aerospace_forces,link,348
24888963,2022_russian_invasion_of_ukraine,anti-russian_sentiment,link,347
23852996,2022_russian_invasion_of_ukraine,spetsnaz,link,342
17522637,2022_russian_invasion_of_ukraine,ivan_bakanov,link,338
13373000,2022_russian_invasion_of_ukraine,2022_kazakh_unrest,link,332
906196,2022_russian_invasion_of_ukraine,restrictions_on_transit_to_kaliningrad_oblast,link,332
5984584,2022_russian_invasion_of_ukraine,2022_northeastern_ukraine–russia_border_skirmishes,link,329
18531072,2022_russian_invasion_of_ukraine,orange_revolution,link,329
8668081,2022_russian_invasion_of_ukraine,battle_of_the_siverskyi_donets,link,326
12163398,2022_russian_invasion_of_ukraine,azovstal_iron_and_steel_works,link,324
13118794,2022_russian_invasion_of_ukraine,thermobaric_weapon,link,322
27977132,2022_russian_invasion_of_ukraine,syrian_civil_war,link,319
5244233,2022_russian_invasion_of_ukraine,chuhuiv_air_base_attack,link,312
15826328,2022_russian_invasion_of_ukraine,appeasement,link,310
5508560,2022_russian_invasion_of_ukraine,donetsk,link,309
26034778,2022_russian_invasion_of_ukraine,2007_cyberattacks_on_estonia,link,306
1909722,2022_russian_invasion_of_ukraine,viktor_yanukovych,link,306
7487892,2022_russian_invasion_of_ukraine,anti-ship_missile,link,298
15965151,2022_russian_invasion_of_ukraine,fgm-148_javelin,link,298
31292319,2022_russian_invasion_of_ukraine,chasiv_yar_missile_strike,link,296
16536249,2022_russian_invasion_of_ukraine,western_world,link,287
2455554,2022_russian_invasion_of_ukraine,jens_stoltenberg,link,285
3796662,2022_russian_invasion_of_ukraine,soviet_union,link,282
1033895,2022_russian_invasion_of_ukraine,nikolai_patrushev,link,280
8202138,2022_russian_invasion_of_ukraine,oleksiy_vadaturskyi,link,280
2471266,2022_russian_invasion_of_ukraine,2021–2022_armenia–azerbaijan_border_crisis,link,277
29603438,2022_russian_invasion_of_ukraine,russian_occupation_of_sumy_oblast,link,275
31482223,2022_russian_invasion_of_ukraine,ukraine–nato_relations,link,274
4737848,2022_russian_invasion_of_ukraine,battle_of_hostomel,link,268
20025164,2022_russian_invasion_of_ukraine,luhansk,link,268
19734757,2022_russian_invasion_of_ukraine,chechen–russian_conflict,link,262
15694631,2022_russian_invasion_of_ukraine,maidan_nezalezhnosti,link,262
30338606,2022_russian_invasion_of_ukraine,2021–present_global_energy_crisis,link,262
24595169,2022_russian_invasion_of_ukraine,olaf_scholz,link,261
26176672,2022_russian_invasion_of_ukraine,member_states_of_nato,link,260
10299860,2022_russian_invasion_of_ukraine,list_of_countries_by_wheat_exports,link,259
13323518,2022_russian_invasion_of_ukraine,institute_for_the_study_of_war,link,255
31453283,2022_russian_invasion_of_ukraine,montreux_convention_regarding_the_regime_of_the_straits,link,254
23139849,2022_russian_invasion_of_ukraine,desna_barracks_airstrike,link,252
18550865,2022_russian_invasion_of_ukraine,historical_background_of_the_2014_pro-russian_unrest_in_ukraine,link,249
24533221,2022_russian_invasion_of_ukraine,spanish_civil_war,other,249
31455856,2022_russian_invasion_of_ukraine,covid-19_pandemic,other,247
7204032,2022_russian_invasion_of_ukraine,joe_biden,link,243
24276601,2022_russian_invasion_of_ukraine,satellite_imagery,link,242
5630867,2022_russian_invasion_of_ukraine,martial_law_in_ukraine,link,237
7239121,2022_russian_invasion_of_ukraine,2022_monkeypox_outbreak,other,236
9992800,2022_russian_invasion_of_ukraine,oksana_markarova,link,236
20995237,2022_russian_invasion_of_ukraine,battle_of_melitopol,link,232
8359319,2022_russian_invasion_of_ukraine,carl_gustaf_8.4_cm_recoilless_rifle,link,229
969050,2022_russian_invasion_of_ukraine,taiwan,other,229
17062766,2022_russian_invasion_of_ukraine,mariupol_hospital_airstrike,link,223
12966774,2022_russian_invasion_of_ukraine,finland–nato_relations,link,223
24562845,2022_russian_invasion_of_ukraine,rapeseed,link,217
6210924,2022_russian_invasion_of_ukraine,aviano_air_base,link,216
17198278,2022_russian_invasion_of_ukraine,2022_bombing_of_lviv,link,214
18991285,2022_russian_invasion_of_ukraine,chechens,link,212
48316,2022_russian_invasion_of_ukraine,2020_nagorno-karabakh_war,link,210
24879777,2022_russian_invasion_of_ukraine,bombing_of_borodianka,link,208
13374862,2022_russian_invasion_of_ukraine,antony_blinken,link,208
16608243,2022_russian_invasion_of_ukraine,millerovo_(air_base),link,206
14750215,2022_russian_invasion_of_ukraine,sukhoi_su-24,link,202
4035865,2022_russian_invasion_of_ukraine,channel_one_russia,other,199
6550471,2022_russian_invasion_of_ukraine,surrogacy,link,198
7892602,2022_russian_invasion_of_ukraine,presidency_of_the_united_nations_security_council,link,198
2658423,2022_russian_invasion_of_ukraine,battle_of_voznesensk,link,196
22881326,2022_russian_invasion_of_ukraine,ukraine_and_weapons_of_mass_destruction,link,193
1313274,2022_russian_invasion_of_ukraine,battle_of_hlukhiv,link,193
7218292,2022_russian_invasion_of_ukraine,maisky_market_attack,link,193
2707580,2022_russian_invasion_of_ukraine,military_reserve_force,link,192
25221566,2022_russian_invasion_of_ukraine,sukhoi_su-25,link,190
8713705,2022_russian_invasion_of_ukraine,world_war_iii,other,190
207647,2022_russian_invasion_of_ukraine,united_nations_security_council_resolution_2623,link,190
5602584,2022_russian_invasion_of_ukraine,battle_of_konotop_(2022),link,186
4598649,2022_russian_invasion_of_ukraine,avril_haines,link,183
7866719,2022_russian_invasion_of_ukraine,chernobyl_nuclear_power_plant,link,182
31268936,2022_russian_invasion_of_ukraine,zaporizhzhia,link,181
2607963,2022_russian_invasion_of_ukraine,catherine_colonna,link,181
21749368,2022_russian_invasion_of_ukraine,ukrainian_ship_yuri_olefirenko,link,179
2919690,2022_russian_invasion_of_ukraine,2021_kyrgyzstan–tajikistan_clashes,link,178
12827264,2022_russian_invasion_of_ukraine,denys_shmyhal,link,178
32196615,2022_russian_invasion_of_ukraine,russia_in_the_european_energy_sector,link,178
26395477,2022_russian_invasion_of_ukraine,population_transfer_in_the_soviet_union,link,177
22827776,2022_russian_invasion_of_ukraine,air_supremacy,link,177
3856163,2022_russian_invasion_of_ukraine,battle_of_romny,link,176
16962916,2022_russian_invasion_of_ukraine,sukhoi_su-27,link,175
3132253,2022_russian_invasion_of_ukraine,sevastopol_international_airport,link,175
30534498,2022_russian_invasion_of_ukraine,crimean_bridge,link,175
7446397,2022_russian_invasion_of_ukraine,battle_of_popasna,link,174
9847248,2022_russian_invasion_of_ukraine,igor_konashenkov,link,174
24673719,2022_russian_invasion_of_ukraine,right_sector,link,173
27165810,2022_russian_invasion_of_ukraine,oryxspioenkop_(osint),link,173
29357809,2022_russian_invasion_of_ukraine,diia,link,173
15519459,2022_russian_invasion_of_ukraine,2022_chornobaivka_attacks,link,172
7004475,2022_russian_invasion_of_ukraine,9k720_iskander,link,172
7010733,2022_russian_invasion_of_ukraine,2014_crimean_status_referendum,link,172
6302260,2022_russian_invasion_of_ukraine,serna-class_landing_craft,link,171
13007576,2022_russian_invasion_of_ukraine,marsec,link,169
16294674,2022_russian_invasion_of_ukraine,treaty_on_the_non-proliferation_of_nuclear_weapons,link,168
8525789,2022_russian_invasion_of_ukraine,ukraine_bioweapons_conspiracy_theory,link,167
4761180,2022_russian_invasion_of_ukraine,office_of_the_united_nations_high_commissioner_for_human_rights,link,166
12156916,2022_russian_invasion_of_ukraine,2022_zagreb_tu-141_crash,link,165
714207,2022_russian_invasion_of_ukraine,anatoly_antonov,link,165
2503519,2022_russian_invasion_of_ukraine,minsk_agreements,link,163
3095559,2022_russian_invasion_of_ukraine,normandy_format,link,163
3674637,2022_russian_invasion_of_ukraine,berdiansk_port_attack,link,162
18876256,2022_russian_invasion_of_ukraine,chaplyne_railway_station_attack,link,162
24927580,2022_russian_invasion_of_ukraine,2022_belarusian_and_russian_partisan_movement,link,160
31217279,2022_russian_invasion_of_ukraine,sergey_surovikin,link,159
2727552,2022_russian_invasion_of_ukraine,battle_of_makariv,link,155
1438286,2022_russian_invasion_of_ukraine,jill_biden,other,155
8034234,2022_russian_invasion_of_ukraine,media_portrayal_of_the_ukrainian_crisis,link,155
6730012,2022_russian_invasion_of_ukraine,kemerovo_oblast,link,152
9553551,2022_russian_invasion_of_ukraine,james_hockenhull,link,152
22873276,2022_russian_invasion_of_ukraine,ukraine_v._russian_federation_(2022),link,151
21082652,2022_russian_invasion_of_ukraine,chernobyl,link,150
7014642,2022_russian_invasion_of_ukraine,battle_of_sviatohirsk,link,149
4948231,2022_russian_invasion_of_ukraine,kristalina_georgieva,link,148
8825372,2022_russian_invasion_of_ukraine,at4,link,148
31298006,2022_russian_invasion_of_ukraine,battle_of_okhtyrka,link,147
18871629,2022_russian_invasion_of_ukraine,battle_of_lyman,link,146
13744920,2022_russian_invasion_of_ukraine,sergiy_kyslytsya,link,142
5965137,2022_russian_invasion_of_ukraine,russian_language_in_ukraine,link,142
15426696,2022_russian_invasion_of_ukraine,ukrainska_pravda,link,141
5789016,2022_russian_invasion_of_ukraine,dissolution_of_the_soviet_union,link,141
31725398,2022_russian_invasion_of_ukraine,aleksandr_dugin,link,140
398538,2022_russian_invasion_of_ukraine,battle_of_rubizhne,link,138
10710566,2022_russian_invasion_of_ukraine,helsinki,other,138
5912398,2022_russian_invasion_of_ukraine,nord_stream_2,link,137
30706998,2022_russian_invasion_of_ukraine,dmytro_kuleba,link,135
3409575,2022_russian_invasion_of_ukraine,claymore_mine,link,135
27165172,2022_russian_invasion_of_ukraine,1999_istanbul_summit,link,134
25803591,2022_russian_invasion_of_ukraine,saky_(air_base),link,133
19195316,2022_russian_invasion_of_ukraine,russian_disinformation_in_the_post-soviet_era,link,133
7890183,2022_russian_invasion_of_ukraine,battle_of_irpin,link,133
14246866,2022_russian_invasion_of_ukraine,dnipro_international_airport,link,132
22583909,2022_russian_invasion_of_ukraine,bakhmut,link,131
25851658,2022_russian_invasion_of_ukraine,capture_of_the_crimean_parliament,link,131
4595989,2022_russian_invasion_of_ukraine,2020_dungan–kazakh_ethnic_clashes,link,130
10465513,2022_russian_invasion_of_ukraine,mariupol_art_school_bombing,link,129
14170149,2022_russian_invasion_of_ukraine,nuclear_triad,link,129
13855043,2022_russian_invasion_of_ukraine,aleksandr_lapin_(general),link,129
18076551,2022_russian_invasion_of_ukraine,battle_of_slavutych,link,127
4749121,2022_russian_invasion_of_ukraine,valerii_zaluzhnyi,link,125
12872010,2022_russian_invasion_of_ukraine,kerch_strait_incident,link,123
613611,2022_russian_invasion_of_ukraine,2022_russian_military_commissariats_arsons,link,123
6691242,2022_russian_invasion_of_ukraine,2022_boycott_of_russia_and_belarus,link,123
11874899,2022_russian_invasion_of_ukraine,battle_of_volnovakha,link,123
23774708,2022_russian_invasion_of_ukraine,battle_of_ivankiv,link,122
2902370,2022_russian_invasion_of_ukraine,battle_of_bucha,link,122
2542440,2022_russian_invasion_of_ukraine,belgorod,link,122
9613132,2022_russian_invasion_of_ukraine,pripyat,link,122
19212087,2022_russian_invasion_of_ukraine,sloviansk,link,121
12277443,2022_russian_invasion_of_ukraine,prisoner_of_war,link,121
9935987,2022_russian_invasion_of_ukraine,north_crimean_canal,link,121
23166789,2022_russian_invasion_of_ukraine,dmitry_peskov,link,120
7497814,2022_russian_invasion_of_ukraine,battle_of_toshkivka,link,120
2381983,2022_russian_invasion_of_ukraine,odesa,link,117
2291343,2022_russian_invasion_of_ukraine,vietnam_war,other,114
22698012,2022_russian_invasion_of_ukraine,allegations_of_genocide_of_ukrainians_in_the_2022_russian_invasion_of_ukraine,link,114
31611934,2022_russian_invasion_of_ukraine,agence_france-presse,link,114
27599697,2022_russian_invasion_of_ukraine,iraq_war,other,113
15323031,2022_russian_invasion_of_ukraine,2022_rail_war_in_russia,link,113
18106051,2022_russian_invasion_of_ukraine,battle_of_brovary,link,112
654352,2022_russian_invasion_of_ukraine,security_service_of_ukraine,link,112
21212597,2022_russian_invasion_of_ukraine,bilohorivka_school_bombing,link,112
31424465,2022_russian_invasion_of_ukraine,russian_patrol_boat_vasily_bykov,link,112
18810846,2022_russian_invasion_of_ukraine,eastern_bloc,link,111
3085806,2022_russian_invasion_of_ukraine,man-portable_air-defense_system,link,110
9568974,2022_russian_invasion_of_ukraine,2022_zhytomyr_attacks,link,108
29441057,2022_russian_invasion_of_ukraine,geneva_conventions,link,108
29662991,2022_russian_invasion_of_ukraine,human_capital_flight,link,108
22964994,2022_russian_invasion_of_ukraine,afghanistan,other,108
23409382,2022_russian_invasion_of_ukraine,north_korea,other,107
32221120,2022_russian_invasion_of_ukraine,null,other,105
19757680,2022_russian_invasion_of_ukraine,29th_combined_arms_army,link,104
9121567,2022_russian_invasion_of_ukraine,swift,link,103
13689943,2022_russian_invasion_of_ukraine,battle_of_kreminna,link,103
15854271,2022_russian_invasion_of_ukraine,vinnytsia_missile_strikes,link,103
23889039,2022_russian_invasion_of_ukraine,st._petersburg_international_economic_forum,link,102
2175971,2022_russian_invasion_of_ukraine,luch_design_bureau,link,102
22555643,2022_russian_invasion_of_ukraine,conflict_intelligence_team,link,101
23704442,2022_russian_invasion_of_ukraine,nasams,link,101
28784022,2022_russian_invasion_of_ukraine,1st_guards_tank_army,link,101
17725003,2022_russian_invasion_of_ukraine,stara_krasnianka_care_house_attack,link,99
20222682,2022_russian_invasion_of_ukraine,emergency_evacuation,link,99
7220081,2022_russian_invasion_of_ukraine,the_kyiv_independent,link,99
919896,2022_russian_invasion_of_ukraine,eric_schlosser,link,99
20110170,2022_russian_invasion_of_ukraine,russian_information_war_against_ukraine,link,98
13385686,2022_russian_invasion_of_ukraine,china,other,96
28248664,2022_russian_invasion_of_ukraine,s-300_missile_system,link,96
11560437,2022_russian_invasion_of_ukraine,march_2022_donetsk_attack,link,96
13861628,2022_russian_invasion_of_ukraine,agm-88_harm,link,96
7627943,2022_russian_invasion_of_ukraine,pope_francis,other,96
12813937,2022_russian_invasion_of_ukraine,cruise_missile,link,95
9272831,2022_russian_invasion_of_ukraine,alexandra_skochilenko,other,95
28228169,2022_russian_invasion_of_ukraine,2022_national_electoral_calendar,other,94
24004726,2022_russian_invasion_of_ukraine,extrajudicial_killing,link,94
31597796,2022_russian_invasion_of_ukraine,fumio_kishida,link,93
15043699,2022_russian_invasion_of_ukraine,battle_of_lebedyn,link,93
13731773,2022_russian_invasion_of_ukraine,friendly_fire,link,93
14849535,2022_russian_invasion_of_ukraine,belgorod_oblast,link,93
12696756,2022_russian_invasion_of_ukraine,battle_of_avdiivka_(2017),link,93
1338936,2022_russian_invasion_of_ukraine,otr-21_tochka,link,92
7706820,2022_russian_invasion_of_ukraine,united_states_european_command,link,92
32134885,2022_russian_invasion_of_ukraine,emmanuel_macron,link,92
7015339,2022_russian_invasion_of_ukraine,ministry_of_defence_(russia),link,92
15914571,2022_russian_invasion_of_ukraine,36th_combined_arms_army,link,91
30857434,2022_russian_invasion_of_ukraine,yemeni_civil_war_(2014–present),link,90
29222528,2022_russian_invasion_of_ukraine,battle_of_trostianets,link,90
2447007,2022_russian_invasion_of_ukraine,mine_flail,link,90
14404862,2022_russian_invasion_of_ukraine,third_geneva_convention,link,89
4816267,2022_russian_invasion_of_ukraine,denial-of-service_attack,link,88
22519817,2022_russian_invasion_of_ukraine,georgian_civil_war,link,88
25584066,2022_russian_invasion_of_ukraine,tigray_war,link,88
10435722,2022_russian_invasion_of_ukraine,sievierodonetsk,link,88
25517492,2022_russian_invasion_of_ukraine,nato_open_door_policy,link,86
197025,2022_russian_invasion_of_ukraine,victory_day_(9_may),link,86
1726614,2022_russian_invasion_of_ukraine,nord_stream,link,86
25281226,2022_russian_invasion_of_ukraine,international_institute_for_strategic_studies,link,86
27415162,2022_russian_invasion_of_ukraine,temporary_protection_directive,link,85
28075274,2022_russian_invasion_of_ukraine,scuttling,link,85
25871981,2022_russian_invasion_of_ukraine,malaysia_airlines_flight_17,link,84
4678270,2022_russian_invasion_of_ukraine,2022_russian-occupied_ukraine_annexation_referendums,link,83
9827982,2022_russian_invasion_of_ukraine,far-right_politics_in_ukraine,link,83
3159643,2022_russian_invasion_of_ukraine,transnistria,other,82
20213282,2022_russian_invasion_of_ukraine,abkhazia,other,82
29229130,2022_russian_invasion_of_ukraine,ministry_of_defence_(united_kingdom),link,82
12094509,2022_russian_invasion_of_ukraine,2014_odesa_clashes,link,81
29524815,2022_russian_invasion_of_ukraine,state_duma,link,81
8934774,2022_russian_invasion_of_ukraine,russian_air_force,link,81
22234443,2022_russian_invasion_of_ukraine,cyrillic_script,link,81
27993736,2022_russian_invasion_of_ukraine,yavoriv_military_base_attack,link,79
31079376,2022_russian_invasion_of_ukraine,mikhail_gorbachev,other,79
25478353,2022_russian_invasion_of_ukraine,tedros_adhanom_ghebreyesus,other,79
26134401,2022_russian_invasion_of_ukraine,ruble,link,78
28290380,2022_russian_invasion_of_ukraine,bbc_news,link,78
12505489,2022_russian_invasion_of_ukraine,russian_ground_forces,other,77
9516386,2022_russian_invasion_of_ukraine,ghost_of_kyiv,link,76
6372381,2022_russian_invasion_of_ukraine,black_sea_fleet,link,76
19636505,2022_russian_invasion_of_ukraine,propaganda_in_russia,link,76
12404436,2022_russian_invasion_of_ukraine,"otradnoye,_belgorodsky_district,_belgorod_oblast",link,76
7783057,2022_russian_invasion_of_ukraine,kharkiv_dormitories_missile_strike,link,75
31037069,2022_russian_invasion_of_ukraine,2003_invasion_of_iraq,other,75
25278820,2022_russian_invasion_of_ukraine,2016_nagorno-karabakh_conflict,link,75
9672505,2022_russian_invasion_of_ukraine,port_of_odesa,link,74
924278,2022_russian_invasion_of_ukraine,2nd_guards_tank_army,link,74
27368531,2022_russian_invasion_of_ukraine,the_new_york_times,link,74
29262272,2022_russian_invasion_of_ukraine,kyrgyz_revolution_of_2010,link,74
18936516,2022_russian_invasion_of_ukraine,bgm-71_tow,link,73
16780515,2022_russian_invasion_of_ukraine,russian_fake_news_laws,other,72
11026495,2022_russian_invasion_of_ukraine,united_states,other,72
5433077,2022_russian_invasion_of_ukraine,vasylkiv_air_base,link,72
2897397,2022_russian_invasion_of_ukraine,cross-strait_relations,other,72
22822052,2022_russian_invasion_of_ukraine,siemens,link,72
17267311,2022_russian_invasion_of_ukraine,least_developed_countries,link,71
18090273,2022_russian_invasion_of_ukraine,yad_vashem,link,71
208730,2022_russian_invasion_of_ukraine,kyiv_shopping_centre_bombing,link,71
1695331,2022_russian_invasion_of_ukraine,2022_rail_war_in_belarus,link,71
6157795,2022_russian_invasion_of_ukraine,capture_of_donetsk_(2014),link,71
25783127,2022_russian_invasion_of_ukraine,gazprom,link,71
16992262,2022_russian_invasion_of_ukraine,south_ossetia,other,70
23641471,2022_russian_invasion_of_ukraine,sexual_violence_in_the_2022_russian_invasion_of_ukraine,link,70
17045145,2022_russian_invasion_of_ukraine,irpin_refugee_column_shelling,link,70
7098171,2022_russian_invasion_of_ukraine,william_j._burns_(diplomat),link,69
31871188,2022_russian_invasion_of_ukraine,russian_wikipedia,other,68
10241036,2022_russian_invasion_of_ukraine,central_military_district,link,68
20721142,2022_russian_invasion_of_ukraine,dnieper,link,68
21108420,2022_russian_invasion_of_ukraine,common_foreign_and_security_policy,link,68
19866521,2022_russian_invasion_of_ukraine,rome_statute,other,68
28976052,2022_russian_invasion_of_ukraine,list_of_earthquakes_in_2022,other,68
7159619,2022_russian_invasion_of_ukraine,false_flag,link,68
20653501,2022_russian_invasion_of_ukraine,russian_2022_war_censorship_laws,link,68
7929862,2022_russian_invasion_of_ukraine,"klimovo,_bryansk_oblast",link,67
16582856,2022_russian_invasion_of_ukraine,state_agency_of_automobile_roads_of_ukraine,link,67
1675870,2022_russian_invasion_of_ukraine,iron_diplomacy,link,66
5961837,2022_russian_invasion_of_ukraine,s&p_global_ratings,link,66
31840771,2022_russian_invasion_of_ukraine,indiscriminate_attack,link,66
9817062,2022_russian_invasion_of_ukraine,vasile_dîncu,link,66
26292837,2022_russian_invasion_of_ukraine,monkeypox,other,66
13150583,2022_russian_invasion_of_ukraine,foreign_policy_of_the_united_states,other,65
27926052,2022_russian_invasion_of_ukraine,mykolaiv,link,65
5689348,2022_russian_invasion_of_ukraine,mykolaiv_government_building_airstrike,link,65
17119761,2022_russian_invasion_of_ukraine,telegram_(software),link,65
12014331,2022_russian_invasion_of_ukraine,vladimir_kara-murza,other,65
24809935,2022_russian_invasion_of_ukraine,united_nations_human_rights_monitoring_mission_in_ukraine,link,64
32320735,2022_russian_invasion_of_ukraine,dnipro,link,64
26965076,2022_russian_invasion_of_ukraine,mcdonald's,link,64
26908880,2022_russian_invasion_of_ukraine,reuters,link,63
23907678,2022_russian_invasion_of_ukraine,2022_deliatyn_attack,link,63
27322064,2022_russian_invasion_of_ukraine,finland,other,63
6291375,2022_russian_invasion_of_ukraine,syria,other,63
20236412,2022_russian_invasion_of_ukraine,kramatorsk,link,63
25918676,2022_russian_invasion_of_ukraine,list_of_wars_involving_the_united_states,other,63
18339127,2022_russian_invasion_of_ukraine,ukrainian_ground_forces,link,63
11233663,2022_russian_invasion_of_ukraine,lloyd_austin,link,62
24454811,2022_russian_invasion_of_ukraine,c-4_(explosive),link,61
7674214,2022_russian_invasion_of_ukraine,kharkiv_government_building_airstrike,link,61
7260168,2022_russian_invasion_of_ukraine,reservist,link,61
13483181,2022_russian_invasion_of_ukraine,2022_united_states_elections,other,61
11991224,2022_russian_invasion_of_ukraine,renault,link,60
10978482,2022_russian_invasion_of_ukraine,russian_occupation_of_mykolaiv_oblast,link,60
24770626,2022_russian_invasion_of_ukraine,colin_kahl,link,59
979401,2022_russian_invasion_of_ukraine,in_vitro_fertilisation,link,59
11227958,2022_russian_invasion_of_ukraine,2022_chinese_military_exercises_around_taiwan,other,59
2535015,2022_russian_invasion_of_ukraine,six-wheel_drive,link,59
30580594,2022_russian_invasion_of_ukraine,2020s,other,59
3368490,2022_russian_invasion_of_ukraine,rustam_minnikhanov,link,58
15153953,2022_russian_invasion_of_ukraine,nagorno-karabakh_conflict,link,58
26649821,2022_russian_invasion_of_ukraine,1991–1992_south_ossetia_war,link,58
6113925,2022_russian_invasion_of_ukraine,16_march_2022_chernihiv_breadline_attack,link,58
4997656,2022_russian_invasion_of_ukraine,self-determination,link,57
22291987,2022_russian_invasion_of_ukraine,mariupol_theatre_airstrike,link,57
7151354,2022_russian_invasion_of_ukraine,title_transfer_facility,link,57
26918616,2022_russian_invasion_of_ukraine,corsican_conflict,link,57
26653027,2022_russian_invasion_of_ukraine,second_chechen_war,link,57
26043590,2022_russian_invasion_of_ukraine,eurovision_song_contest_2023,other,56
14852739,2022_russian_invasion_of_ukraine,douglas_lute,link,56
2007337,2022_russian_invasion_of_ukraine,lviv_oblast,link,56
29592955,2022_russian_invasion_of_ukraine,imperialism,link,56
27518881,2022_russian_invasion_of_ukraine,sergei_ryabkov,link,56
31935194,2022_russian_invasion_of_ukraine,kramatorsk_railway_station,link,56
11656017,2022_russian_invasion_of_ukraine,polnocny-class_landing_ship,link,56
16214561,2022_russian_invasion_of_ukraine,vladimir_socor,link,55
21789411,2022_russian_invasion_of_ukraine,tass,link,55
4680452,2022_russian_invasion_of_ukraine,world_war_i,other,55
5272928,2022_russian_invasion_of_ukraine,war_of_dagestan,link,55
4369537,2022_russian_invasion_of_ukraine,antónio_guterres,link,55
11871839,2022_russian_invasion_of_ukraine,urea,link,55
29696858,2022_russian_invasion_of_ukraine,amnesty_international,link,55
24585058,2022_russian_invasion_of_ukraine,abortion_in_the_united_states,other,55
25715272,2022_russian_invasion_of_ukraine,russian_airborne_forces,link,55
8767465,2022_russian_invasion_of_ukraine,anne_heche,other,55
1852422,2022_russian_invasion_of_ukraine,covid-19,other,54
2676647,2022_russian_invasion_of_ukraine,tajikistani_civil_war,link,54
19988530,2022_russian_invasion_of_ukraine,hermès,link,54
4200189,2022_russian_invasion_of_ukraine,41st_combined_arms_army,link,54
6825029,2022_russian_invasion_of_ukraine,2022_corsica_unrest,link,54
31600027,2022_russian_invasion_of_ukraine,republican_insurgency_in_afghanistan,link,54
14413946,2022_russian_invasion_of_ukraine,russian_ruble,link,54
15168976,2022_russian_invasion_of_ukraine,yavoriv,link,53
5225788,2022_russian_invasion_of_ukraine,list_of_countries_by_credit_rating,link,53
30671291,2022_russian_invasion_of_ukraine,timeline_of_the_annexation_of_crimea_by_the_russian_federation,link,53
6527110,2022_russian_invasion_of_ukraine,russo-ukrainian_church_war,link,53
28981493,2022_russian_invasion_of_ukraine,african_national_congress,other,53
7443915,2022_russian_invasion_of_ukraine,ukrainian_naval_infantry,link,53
20273468,2022_russian_invasion_of_ukraine,unilever,link,52
4518842,2022_russian_invasion_of_ukraine,russian_occupation_of_donetsk_oblast,link,51
859713,2022_russian_invasion_of_ukraine,azot_(sievierodonetsk),link,51
11672904,2022_russian_invasion_of_ukraine,zhytomyr_international_airport,link,51
23034796,2022_russian_invasion_of_ukraine,russian_soviet_federative_socialist_republic,link,51
23768318,2022_russian_invasion_of_ukraine,deutsche_welle,link,51
29512971,2022_russian_invasion_of_ukraine,lysychansk,link,51
6948377,2022_russian_invasion_of_ukraine,donald_trump,other,51
22584021,2022_russian_invasion_of_ukraine,eastern_military_district,link,51
4120775,2022_russian_invasion_of_ukraine,tajikistan_insurgency,link,51
28840553,2022_russian_invasion_of_ukraine,dissident_irish_republican_campaign,link,51
29876330,2022_russian_invasion_of_ukraine,house_of_the_dragon,other,51
15128062,2022_russian_invasion_of_ukraine,february_2022_kharkiv_cluster_bombing,link,50
19842123,2022_russian_invasion_of_ukraine,roskomnadzor,other,50
15682127,2022_russian_invasion_of_ukraine,pontoon_bridge,link,50
18277780,2022_russian_invasion_of_ukraine,crusade_of_1101,other,50
9817385,2022_russian_invasion_of_ukraine,battle_of_mariupol_(2014),link,50
27526872,2022_russian_invasion_of_ukraine,dardanelles,link,50
7685797,2022_russian_invasion_of_ukraine,hostomel,link,49
9621153,2022_russian_invasion_of_ukraine,gina_raimondo,link,49
30040377,2022_russian_invasion_of_ukraine,2022_fifa_world_cup,other,49
29009725,2022_russian_invasion_of_ukraine,john_kirby_(admiral),link,48
25296711,2022_russian_invasion_of_ukraine,march_2022_kharkiv_cluster_bombing,link,48
22228511,2022_russian_invasion_of_ukraine,prada,link,48
13331674,2022_russian_invasion_of_ukraine,gold_reserve,link,48
13342068,2022_russian_invasion_of_ukraine,sumy,link,48
3877234,2022_russian_invasion_of_ukraine,mexican_drug_war,link,47
19064520,2022_russian_invasion_of_ukraine,ukraine_security_assistance_initiative,link,47
15443335,2022_russian_invasion_of_ukraine,poland,other,47
20540245,2022_russian_invasion_of_ukraine,andrew_tate,other,47
22555197,2022_russian_invasion_of_ukraine,humanitarian_crisis,link,47
23488912,2022_russian_invasion_of_ukraine,yury_borisov,link,47
18845825,2022_russian_invasion_of_ukraine,diplomatic_recognition,link,47
31556973,2022_russian_invasion_of_ukraine,freedom_of_the_press_in_ukraine,other,47
5329814,2022_russian_invasion_of_ukraine,8th_guards_combined_arms_army,link,47
14517171,2022_russian_invasion_of_ukraine,brittney_griner,other,46
2415022,2022_russian_invasion_of_ukraine,dugin,other,46
15825438,2022_russian_invasion_of_ukraine,afghanistan_conflict_(1978–present),link,46
20228325,2022_russian_invasion_of_ukraine,3_march_2022_chernihiv_bombing,link,46
29666109,2022_russian_invasion_of_ukraine,belarus–ukraine_border,other,46
21060804,2022_russian_invasion_of_ukraine,2020_united_states_presidential_election,other,46
11409295,2022_russian_invasion_of_ukraine,cold_war,link,46
4086455,2022_russian_invasion_of_ukraine,turkey,other,46
16851386,2022_russian_invasion_of_ukraine,timothy_d._snyder,link,46
8630842,2022_russian_invasion_of_ukraine,siege,link,45
8133683,2022_russian_invasion_of_ukraine,kosovo,other,45
26649719,2022_russian_invasion_of_ukraine,eritrea,other,45
28303479,2022_russian_invasion_of_ukraine,diammonium_phosphate,link,45
7461111,2022_russian_invasion_of_ukraine,darya_dugina,other,45
28059431,2022_russian_invasion_of_ukraine,charles_a._richard,link,45
13505624,2022_russian_invasion_of_ukraine,mykolaiv_cluster_bombing,link,45
2550436,2022_russian_invasion_of_ukraine,black_sea,link,45
16611591,2022_russian_invasion_of_ukraine,targeting_(warfare),link,44
24074828,2022_russian_invasion_of_ukraine,the_moscow_times,link,44
1410308,2022_russian_invasion_of_ukraine,2022_united_states_house_of_representatives_elections,other,44
17882511,2022_russian_invasion_of_ukraine,salman_rushdie,other,44
4101374,2022_russian_invasion_of_ukraine,22nd_army_corps_(russian_federation),link,44
19388110,2022_russian_invasion_of_ukraine,european_union,other,44
20165156,2022_russian_invasion_of_ukraine,2022_ukrainian_coup_d'état_attempt,link,44
11824638,2022_russian_invasion_of_ukraine,maksym_kozytskyy,link,43
10590443,2022_russian_invasion_of_ukraine,toss_bombing,link,43
3482161,2022_russian_invasion_of_ukraine,andrey_kelin,link,43
7102500,2022_russian_invasion_of_ukraine,historical_revisionism,link,43
10931014,2022_russian_invasion_of_ukraine,izium,link,43
22664668,2022_russian_invasion_of_ukraine,commander-in-chief_of_the_armed_forces_of_ukraine,link,42
17653698,2022_russian_invasion_of_ukraine,35th_combined_arms_army,link,42
20706036,2022_russian_invasion_of_ukraine,nancy_pelosi,other,42
10139826,2022_russian_invasion_of_ukraine,universal_jurisdiction_investigations_of_war_crimes_in_ukraine,link,42
25191841,2022_russian_invasion_of_ukraine,military_intelligence,link,42
9506299,2022_russian_invasion_of_ukraine,horlivka,link,42
7946777,2022_russian_invasion_of_ukraine,united_nations_security_council,link,42
14068920,2022_russian_invasion_of_ukraine,barley,link,42
26255359,2022_russian_invasion_of_ukraine,transnistria_conflict,link,41
4552739,2022_russian_invasion_of_ukraine,sweden–nato_relations,link,41
29523957,2022_russian_invasion_of_ukraine,95th_air_assault_brigade_(ukraine),link,41
3909652,2022_russian_invasion_of_ukraine,abraham_lincoln,other,41
17398651,2022_russian_invasion_of_ukraine,list_of_conflicts_in_europe,link,41
1298303,2022_russian_invasion_of_ukraine,novorossiya,link,41
22557596,2022_russian_invasion_of_ukraine,sumykhimprom_ammonia_leak,link,41
19271438,2022_russian_invasion_of_ukraine,war,other,40
4249960,2022_russian_invasion_of_ukraine,moldova,other,40
6438321,2022_russian_invasion_of_ukraine,bosporus,link,40
17833040,2022_russian_invasion_of_ukraine,operation_barbarossa,other,40
5039662,2022_russian_invasion_of_ukraine,daz_studio,other,40
23711806,2022_russian_invasion_of_ukraine,2001_kodori_crisis,link,40
15413959,2022_russian_invasion_of_ukraine,national_republican_army_(russia),link,40
581347,2022_russian_invasion_of_ukraine,gulf_war,other,40
8569202,2022_russian_invasion_of_ukraine,korean_war,other,39
17139114,2022_russian_invasion_of_ukraine,january_2015_mariupol_rocket_attack,link,39
19688243,2022_russian_invasion_of_ukraine,2022_in_film,other,39
18613704,2022_russian_invasion_of_ukraine,chernobyl_disaster,other,39
22425268,2022_russian_invasion_of_ukraine,germany,other,39
5570845,2022_russian_invasion_of_ukraine,chatbot,link,39
23273615,2022_russian_invasion_of_ukraine,april_2022_kharkiv_cluster_bombing,link,39
31755592,2022_russian_invasion_of_ukraine,better_call_saul_(season_6),other,39
12891611,2022_russian_invasion_of_ukraine,russian_occupation_of_luhansk_oblast,link,39
26216924,2022_russian_invasion_of_ukraine,paramilitary,other,39
24829544,2022_russian_invasion_of_ukraine,war_crime,other,38
12900265,2022_russian_invasion_of_ukraine,mass_media_in_turkey,other,38
13505740,2022_russian_invasion_of_ukraine,united_states_holocaust_memorial_museum,link,38
30882954,2022_russian_invasion_of_ukraine,gomel_region,other,38
13791946,2022_russian_invasion_of_ukraine,westsplaining,link,38
9167582,2022_russian_invasion_of_ukraine,grain_trade,link,38
5053400,2022_russian_invasion_of_ukraine,general_staff_of_the_ukrainian_armed_forces,link,38
5950970,2022_russian_invasion_of_ukraine,sevastopol,link,38
10353104,2022_russian_invasion_of_ukraine,israeli–palestinian_conflict,link,38
2029234,2022_russian_invasion_of_ukraine,controversy_in_russia_regarding_the_legitimacy_of_eastward_nato_expansion,link,38
21919038,2022_russian_invasion_of_ukraine,17th_tank_brigade_(ukraine),link,37
5093147,2022_russian_invasion_of_ukraine,sunflower_oil,link,37
19566187,2022_russian_invasion_of_ukraine,top_gun:_maverick,other,37
17140159,2022_russian_invasion_of_ukraine,the_coca-cola_company,link,37
12839600,2022_russian_invasion_of_ukraine,western_military_district,link,36
26231917,2022_russian_invasion_of_ukraine,israel,other,36
13903841,2022_russian_invasion_of_ukraine,list_of_ambassadors_of_russia_to_the_united_states,link,36
16181890,2022_russian_invasion_of_ukraine,war_in_abkhazia_(1998),link,36
21644240,2022_russian_invasion_of_ukraine,battle_of_marinka,link,36
30322971,2022_russian_invasion_of_ukraine,2014_anti-war_protests_in_russia,link,36
28406939,2022_russian_invasion_of_ukraine,2022_formula_one_world_championship,other,36
5691392,2022_russian_invasion_of_ukraine,demographics_of_russia,other,36
26985012,2022_russian_invasion_of_ukraine,royal_united_services_institute,link,35
16319516,2022_russian_invasion_of_ukraine,war_in_afghanistan_(2001–2021),other,35
30713741,2022_russian_invasion_of_ukraine,93rd_mechanized_brigade_(ukraine),link,35
5340383,2022_russian_invasion_of_ukraine,economy_of_russia,other,34
5231503,2022_russian_invasion_of_ukraine,counter-battery_radar,link,34
6221898,2022_russian_invasion_of_ukraine,central_bank_of_russia,link,34
19133992,2022_russian_invasion_of_ukraine,colonel_general,link,34
16400014,2022_russian_invasion_of_ukraine,kyiv_hydroelectric_power_plant,link,34
16135737,2022_russian_invasion_of_ukraine,berdiansk,link,34
20322970,2022_russian_invasion_of_ukraine,eurovision_song_contest_2022,link,34
38397,2022_russian_invasion_of_ukraine,potash,link,34
919697,2022_russian_invasion_of_ukraine,international_monetary_fund,link,34
18884638,2022_russian_invasion_of_ukraine,genocide,link,33
27670331,2022_russian_invasion_of_ukraine,the_economist,link,33
15260297,2022_russian_invasion_of_ukraine,peacekeeping,link,33
7037487,2022_russian_invasion_of_ukraine,red_army,link,33
17131196,2022_russian_invasion_of_ukraine,central_african_republic_civil_war,link,33
1002459,2022_russian_invasion_of_ukraine,yavoriv_military_base,link,33
11676377,2022_russian_invasion_of_ukraine,iryna_venediktova,link,33
26298314,2022_russian_invasion_of_ukraine,cluster_munition,other,33
16517519,2022_russian_invasion_of_ukraine,boeing_insitu_scaneagle,link,33
1380718,2022_russian_invasion_of_ukraine,annexation_of_the_metropolitanate_of_kyiv_by_the_moscow_patriarchate,link,32
11896773,2022_russian_invasion_of_ukraine,frederick_kagan,link,32
20308236,2022_russian_invasion_of_ukraine,russia–united_states_relations,link,32
29421440,2022_russian_invasion_of_ukraine,southern_military_district,link,32
551467,2022_russian_invasion_of_ukraine,proposed_no-fly_zone_in_the_2022_russian_invasion_of_ukraine,link,32
4326785,2022_russian_invasion_of_ukraine,reparations_from_russia_after_the_russo-ukrainian_war,link,32
8160076,2022_russian_invasion_of_ukraine,chanel,link,32
2289044,2022_russian_invasion_of_ukraine,2022_commonwealth_games,other,32
20550505,2022_russian_invasion_of_ukraine,adolf_hitler,other,31
27112548,2022_russian_invasion_of_ukraine,ukrainian_air_force,link,31
13937696,2022_russian_invasion_of_ukraine,romania,other,31
25311100,2022_russian_invasion_of_ukraine,"new_york,_ukraine",other,31
2514925,2022_russian_invasion_of_ukraine,lebanon,link,31
21496069,2022_russian_invasion_of_ukraine,genocide_convention,other,31
7928862,2022_russian_invasion_of_ukraine,2022_ukraine_cyberattacks,link,31
31719893,2022_russian_invasion_of_ukraine,september_11_attacks,other,31
30617063,2022_russian_invasion_of_ukraine,sanctions_involving_russia,other,31
25998939,2022_russian_invasion_of_ukraine,russian_occupation_of_chernihiv_oblast,link,31
8459549,2022_russian_invasion_of_ukraine,uefa_champions_league,other,31
8820708,2022_russian_invasion_of_ukraine,vkusno_i_tochka,link,31
27880169,2022_russian_invasion_of_ukraine,soledar,other,31
26626069,2022_russian_invasion_of_ukraine,united_states_army,other,31
26417339,2022_russian_invasion_of_ukraine,timeline_of_the_war_in_donbas,link,30
6574888,2022_russian_invasion_of_ukraine,kyiv_reservoir,link,30
30049517,2022_russian_invasion_of_ukraine,denis_pushilin,link,30
30334164,2022_russian_invasion_of_ukraine,europe,other,30
27403453,2022_russian_invasion_of_ukraine,winter_war,other,30
7325169,2022_russian_invasion_of_ukraine,invasion_of_poland,other,30
8223080,2022_russian_invasion_of_ukraine,2003_tuzla_island_conflict,link,30
2047204,2022_russian_invasion_of_ukraine,central_and_eastern_europe,link,30
1026380,2022_russian_invasion_of_ukraine,russian_occupation_of_zhytomyr_oblast,link,30
25771858,2022_russian_invasion_of_ukraine,battle_of_donbas,other,30
28211183,2022_russian_invasion_of_ukraine,reactions_to_the_2021–2022_russo-ukrainian_crisis,link,30
11821128,2022_russian_invasion_of_ukraine,united_states_house_of_representatives,link,30
26513154,2022_russian_invasion_of_ukraine,orphan:_first_kill,other,29
15580773,2022_russian_invasion_of_ukraine,snake_island,other,29
31871622,2022_russian_invasion_of_ukraine,sea_of_azov,link,29
25342698,2022_russian_invasion_of_ukraine,prey_(2022_film),other,29
5813297,2022_russian_invasion_of_ukraine,serbia,other,29
901446,2022_russian_invasion_of_ukraine,torture_and_castration_of_a_ukrainian_pow_in_pryvillia,link,29
13716604,2022_russian_invasion_of_ukraine,ayman_al-zawahiri,other,29
13604092,2022_russian_invasion_of_ukraine,battle_of_stalingrad,other,29
18458692,2022_russian_invasion_of_ukraine,united_kingdom,other,29
8268941,2022_russian_invasion_of_ukraine,kamov_ka-50,other,29
29493109,2022_russian_invasion_of_ukraine,international_standard_serial_number,link,29
9986475,2022_russian_invasion_of_ukraine,natural_gas_prices,link,29
29715376,2022_russian_invasion_of_ukraine,2022_conservative_party_leadership_election_(uk),other,29
26218136,2022_russian_invasion_of_ukraine,chechnya,other,29
21531779,2022_russian_invasion_of_ukraine,the_guardian,link,28
20649862,2022_russian_invasion_of_ukraine,2022_winter_olympics,other,28
22037897,2022_russian_invasion_of_ukraine,putinism,link,28
4902150,2022_russian_invasion_of_ukraine,makariv,link,28
16870600,2022_russian_invasion_of_ukraine,rt_en_español,other,28
32255511,2022_russian_invasion_of_ukraine,2022_north_kosovo_crisis,other,28
13936396,2022_russian_invasion_of_ukraine,58th_combined_arms_army,link,28
4416524,2022_russian_invasion_of_ukraine,list_of_mining_companies,other,28
9569989,2022_russian_invasion_of_ukraine,east_prigorodny_conflict,link,28
7205164,2022_russian_invasion_of_ukraine,war_in_donbas,other,28
3272876,2022_russian_invasion_of_ukraine,t-90,other,28
23712612,2022_russian_invasion_of_ukraine,vladimir_putin's_meeting_table,link,27
553272,2022_russian_invasion_of_ukraine,list_of_wars_involving_russia,other,27
10738131,2022_russian_invasion_of_ukraine,antonov_an-225_mriya,other,27
21241164,2022_russian_invasion_of_ukraine,libyan_crisis_(2011–present),link,27
3878827,2022_russian_invasion_of_ukraine,landlocked_country,link,27
12145366,2022_russian_invasion_of_ukraine,russian_occupation_of_kyiv_oblast,link,27
24085306,2022_russian_invasion_of_ukraine,october_revolution,link,27
31588651,2022_russian_invasion_of_ukraine,baltic_states,link,27
7056338,2022_russian_invasion_of_ukraine,chernihiv,link,27
10619384,2022_russian_invasion_of_ukraine,foreign_fighters_in_the_russo-ukrainian_war,link,27
1847317,2022_russian_invasion_of_ukraine,t-72,other,26
4290877,2022_russian_invasion_of_ukraine,outline_of_war,other,26
20946835,2022_russian_invasion_of_ukraine,china–united_states_relations,other,26
28989851,2022_russian_invasion_of_ukraine,united_nations_high_commissioner_for_refugees,link,26
11160629,2022_russian_invasion_of_ukraine,the_pentagon,link,26
14999255,2022_russian_invasion_of_ukraine,nazi_germany,other,26
19354005,2022_russian_invasion_of_ukraine,al-qaeda,other,26
13462891,2022_russian_invasion_of_ukraine,united_states_congress,link,26
22106028,2022_russian_invasion_of_ukraine,february_24,other,26
16429436,2022_russian_invasion_of_ukraine,the_independent,link,26
10515870,2022_russian_invasion_of_ukraine,russo-japanese_war,other,26
1290608,2022_russian_invasion_of_ukraine,iran,other,26
17405166,2022_russian_invasion_of_ukraine,"taiwan,_china",other,26
8397976,2022_russian_invasion_of_ukraine,xi_jinping,other,26
17812993,2022_russian_invasion_of_ukraine,olivia_newton-john,other,26
8274779,2022_russian_invasion_of_ukraine,rapier,other,26
7898495,2022_russian_invasion_of_ukraine,palladium,link,26
5475665,2022_russian_invasion_of_ukraine,capture_of_southern_naval_base,link,26
28597142,2022_russian_invasion_of_ukraine,echo_of_moscow,other,26
10446021,2022_russian_invasion_of_ukraine,the_holocaust,link,25
31239640,2022_russian_invasion_of_ukraine,estonia,other,25
25169951,2022_russian_invasion_of_ukraine,georgia_(country),other,25
26805300,2022_russian_invasion_of_ukraine,karim_ahmad_khan,other,25
3923399,2022_russian_invasion_of_ukraine,fidesz,other,25
27047436,2022_russian_invasion_of_ukraine,boris_johnson,other,25
30074330,2022_russian_invasion_of_ukraine,crimean_war,other,25
17800586,2022_russian_invasion_of_ukraine,operation_claw-lock,other,25
27908466,2022_russian_invasion_of_ukraine,foundations_of_geopolitics,link,25
22908448,2022_russian_invasion_of_ukraine,edward_lucas_(journalist),link,25
14730654,2022_russian_invasion_of_ukraine,russians,other,25
17877822,2022_russian_invasion_of_ukraine,january_6_united_states_capitol_attack,other,25
14469822,2022_russian_invasion_of_ukraine,bosnian_war,link,25
29330468,2022_russian_invasion_of_ukraine,starbucks,link,25
21139747,2022_russian_invasion_of_ukraine,2022_united_states_senate_elections,other,24
12040008,2022_russian_invasion_of_ukraine,sanna_marin,other,24
22910005,2022_russian_invasion_of_ukraine,artemis_1,other,24
6157855,2022_russian_invasion_of_ukraine,war_in_ingushetia,link,24
17713269,2022_russian_invasion_of_ukraine,shinzo_abe,other,24
17752443,2022_russian_invasion_of_ukraine,battle_of_svitlodarsk,link,24
27035197,2022_russian_invasion_of_ukraine,south_africa,other,24
30044855,2022_russian_invasion_of_ukraine,leopard_2,other,24
31229830,2022_russian_invasion_of_ukraine,2022_indycar_series,other,24
28677017,2022_russian_invasion_of_ukraine,mass_media_in_china,other,23
18327726,2022_russian_invasion_of_ukraine,offensive_on_mariupol_(september_2014),link,23
7780190,2022_russian_invasion_of_ukraine,russian_navy,link,23
18027565,2022_russian_invasion_of_ukraine,2014_simferopol_incident,link,23
6074570,2022_russian_invasion_of_ukraine,superphosphate,link,23
22547589,2022_russian_invasion_of_ukraine,mass_media_in_cuba,other,23
28431042,2022_russian_invasion_of_ukraine,national_security,link,23
31444996,2022_russian_invasion_of_ukraine,vietnam,other,23
12598472,2022_russian_invasion_of_ukraine,surface-to-air_missile,link,23
29568388,2022_russian_invasion_of_ukraine,laal_singh_chaddha,other,23
26952748,2022_russian_invasion_of_ukraine,war_on_terror,link,23
25130403,2022_russian_invasion_of_ukraine,independent_international_commission_of_inquiry_on_ukraine,link,23
14128963,2022_russian_invasion_of_ukraine,49th_combined_arms_army,link,23
25141253,2022_russian_invasion_of_ukraine,list_of_counties_in_texas,other,23
14716882,2022_russian_invasion_of_ukraine,wikimedia_foundation,other,23
2638216,2022_russian_invasion_of_ukraine,deaths_in_2022,other,23
11680089,2022_russian_invasion_of_ukraine,japan,other,23
25313057,2022_russian_invasion_of_ukraine,euro,link,23
15653026,2022_russian_invasion_of_ukraine,hyphen-minus,other,23
23696678,2022_russian_invasion_of_ukraine,ios_version_history,other,23
2197594,2022_russian_invasion_of_ukraine,russian_war_crimes,other,23
24324016,2022_russian_invasion_of_ukraine,covid-19_pandemic_by_country_and_territory,other,23
22387882,2022_russian_invasion_of_ukraine,carnosauria,other,22
22544682,2022_russian_invasion_of_ukraine,soviet_imagery_during_the_russo-ukrainian_war,link,22
23551626,2022_russian_invasion_of_ukraine,iran–iraq_war,other,22
22012497,2022_russian_invasion_of_ukraine,2022_italian_general_election,other,22
21798165,2022_russian_invasion_of_ukraine,list_of_countries_by_foreign-exchange_reserves,link,22
25118429,2022_russian_invasion_of_ukraine,2022_siberian_wildfires,link,22
17947802,2022_russian_invasion_of_ukraine,al_jazeera,link,22
6638128,2022_russian_invasion_of_ukraine,timeline_of_the_syrian_civil_war,other,22
7586481,2022_russian_invasion_of_ukraine,john_williamson_discography,other,22
17889028,2022_russian_invasion_of_ukraine,belarus–ukraine_relations,link,22
11810717,2022_russian_invasion_of_ukraine,the_washington_post,link,22
3396719,2022_russian_invasion_of_ukraine,sviatohirsk,link,22
6313590,2022_russian_invasion_of_ukraine,american_revolutionary_war,other,22
30952535,2022_russian_invasion_of_ukraine,thor:_love_and_thunder,other,22
5111058,2022_russian_invasion_of_ukraine,russian_empire,other,22
19245547,2022_russian_invasion_of_ukraine,colombia,other,22
16465058,2022_russian_invasion_of_ukraine,politico,link,22
4817046,2022_russian_invasion_of_ukraine,pisky,other,22
16077472,2022_russian_invasion_of_ukraine,india,other,22
21509137,2022_russian_invasion_of_ukraine,iraqi_conflict_(2003–present),link,22
14096899,2022_russian_invasion_of_ukraine,state_of_emergency,link,22
3165838,2022_russian_invasion_of_ukraine,iraq,other,22
10692992,2022_russian_invasion_of_ukraine,anonymous_and_the_2022_russian_invasion_of_ukraine,link,22
6818642,2022_russian_invasion_of_ukraine,white_émigré,link,22
17708045,2022_russian_invasion_of_ukraine,list_of_equipment_of_the_armed_forces_of_ukraine,other,21
18197702,2022_russian_invasion_of_ukraine,taliban,other,21
15556396,2022_russian_invasion_of_ukraine,2024_united_states_presidential_election,other,21
12769943,2022_russian_invasion_of_ukraine,hungary,other,21
13398338,2022_russian_invasion_of_ukraine,chernihiv_oblast,link,21
13777937,2022_russian_invasion_of_ukraine,david_malpass,link,21
9415139,2022_russian_invasion_of_ukraine,vladimir_solovyov_(tv_presenter),other,21
29652461,2022_russian_invasion_of_ukraine,mar-a-lago,other,21
23293245,2022_russian_invasion_of_ukraine,nope_(film),other,21
21668251,2022_russian_invasion_of_ukraine,oblasts_of_ukraine,other,21
14160578,2022_russian_invasion_of_ukraine,chinese_civil_war,other,21
14357350,2022_russian_invasion_of_ukraine,moscow,other,21
10614443,2022_russian_invasion_of_ukraine,alex_jones,other,21
18924288,2022_russian_invasion_of_ukraine,kazakhstan,other,21
22138839,2022_russian_invasion_of_ukraine,tapir-class_landing_ship,link,21
28222954,2022_russian_invasion_of_ukraine,militias-comando_vermelho_conflict,link,21
26167466,2022_russian_invasion_of_ukraine,terrorism_in_russia,link,21
684997,2022_russian_invasion_of_ukraine,russian_naval_infantry,link,21
29145211,2022_russian_invasion_of_ukraine,fbi_search_of_mar-a-lago,other,21
20641208,2022_russian_invasion_of_ukraine,dzhankoi,link,21
5324699,2022_russian_invasion_of_ukraine,levada_center,other,21
16642142,2022_russian_invasion_of_ukraine,mykolaiv_oblast,other,20
21397741,2022_russian_invasion_of_ukraine,rt_(tv_network),other,20
23621147,2022_russian_invasion_of_ukraine,2010_south_kyrgyzstan_ethnic_clashes,link,20
21491058,2022_russian_invasion_of_ukraine,sumy_oblast,link,20
27993388,2022_russian_invasion_of_ukraine,rts_index,link,20
23676615,2022_russian_invasion_of_ukraine,bulgaria,other,20
12467156,2022_russian_invasion_of_ukraine,hulusi_akar,link,20
15947521,2022_russian_invasion_of_ukraine,united_nations,other,20
1729866,2022_russian_invasion_of_ukraine,second_sino-japanese_war,other,20
27691328,2022_russian_invasion_of_ukraine,ukraine_democracy_defense_lend-lease_act_of_2022,link,20
18078123,2022_russian_invasion_of_ukraine,2022_european_championships,other,20
20005412,2022_russian_invasion_of_ukraine,steven_seagal,other,20
18124099,2022_russian_invasion_of_ukraine,cuba,other,20
19239070,2022_russian_invasion_of_ukraine,russian-occupied_territories,link,20
10940558,2022_russian_invasion_of_ukraine,sweden,other,20
4090354,2022_russian_invasion_of_ukraine,maritime_exclusion_zone,link,20
20054121,2022_russian_invasion_of_ukraine,special_operations,other,20
30165065,2022_russian_invasion_of_ukraine,amphibious_warfare,link,20
19346014,2022_russian_invasion_of_ukraine,breaking_bad,other,20
3218277,2022_russian_invasion_of_ukraine,2022_brazilian_general_election,other,20
25203012,2022_russian_invasion_of_ukraine,accusations_of_genocide_in_donbas,link,20
4958074,2022_russian_invasion_of_ukraine,union_resolve_2022,link,20
24202524,2022_russian_invasion_of_ukraine,interfax-ukraine,link,20
30846537,2022_russian_invasion_of_ukraine,inflation_reduction_act_of_2022,other,20
2443089,2022_russian_invasion_of_ukraine,new_york,other,20
25249837,2022_russian_invasion_of_ukraine,chechen_war,other,20
29913665,2022_russian_invasion_of_ukraine,eastern_front_(world_war_ii),other,19
27111800,2022_russian_invasion_of_ukraine,"pisky,_pokrovsk_raion",other,19
15691042,2022_russian_invasion_of_ukraine,turkish_straits,link,19
30142340,2022_russian_invasion_of_ukraine,second_battle_of_donetsk_airport,link,19
4558811,2022_russian_invasion_of_ukraine,bucha,other,19
13156905,2022_russian_invasion_of_ukraine,saky,other,19
12444169,2022_russian_invasion_of_ukraine,list_of_wars_involving_ukraine,other,19
30669705,2022_russian_invasion_of_ukraine,resolution_on_recognition_of_the_state_sovereignty_of_the_chechen_republic_of_ichkeria,link,19
19714102,2022_russian_invasion_of_ukraine,islamic_state_insurgency_in_iraq_(2017–present),link,19
19646321,2022_russian_invasion_of_ukraine,taiwan_strait_crises,other,19
15059446,2022_russian_invasion_of_ukraine,mali_war,link,19
17850886,2022_russian_invasion_of_ukraine,2012_republic_of_macedonia_inter-ethnic_violence,link,19
14854189,2022_russian_invasion_of_ukraine,charter_of_the_united_nations,other,19
31147665,2022_russian_invasion_of_ukraine,same-sex_marriage,other,19
13819409,2022_russian_invasion_of_ukraine,youtube,link,19
14051258,2022_russian_invasion_of_ukraine,france,other,18
30591778,2022_russian_invasion_of_ukraine,battles_of_sievierodonetsk_(2014),link,18
26870088,2022_russian_invasion_of_ukraine,sukhoi_su-30,other,18
5000546,2022_russian_invasion_of_ukraine,urban_warfare,link,18
30388649,2022_russian_invasion_of_ukraine,russian_diaspora,other,18
12057021,2022_russian_invasion_of_ukraine,electronvolt,other,18
6764203,2022_russian_invasion_of_ukraine,indonesia,other,18
30860924,2022_russian_invasion_of_ukraine,2022_pacific_typhoon_season,other,18
13490883,2022_russian_invasion_of_ukraine,kosovo_war,link,18
7901672,2022_russian_invasion_of_ukraine,mass_media_in_hungary,other,18
25618704,2022_russian_invasion_of_ukraine,wikipedia,other,18
24491089,2022_russian_invasion_of_ukraine,irpin,link,18
13987551,2022_russian_invasion_of_ukraine,serhiy_haidai,link,18
19689195,2022_russian_invasion_of_ukraine,yugoslavia,other,18
2461779,2022_russian_invasion_of_ukraine,irpin_(river),link,18
28098558,2022_russian_invasion_of_ukraine,siege_of_sloviansk,link,18
28664688,2022_russian_invasion_of_ukraine,fertilizer,link,18
17086005,2022_russian_invasion_of_ukraine,insurgency_in_the_north_caucasus,link,18
21966081,2022_russian_invasion_of_ukraine,volnovakha,link,18
29634512,2022_russian_invasion_of_ukraine,the_sandman_(tv_series),other,18
20671028,2022_russian_invasion_of_ukraine,leo_tolstoy,other,18
28277471,2022_russian_invasion_of_ukraine,great_raid_of_2014,link,18
16732506,2022_russian_invasion_of_ukraine,mass_media_in_serbia,other,18
17131539,2022_russian_invasion_of_ukraine,minions:_the_rise_of_gru,other,18
18967579,2022_russian_invasion_of_ukraine,united_states_senate,link,18
31055511,2022_russian_invasion_of_ukraine,2022_atlantic_hurricane_season,other,17
12457533,2022_russian_invasion_of_ukraine,adele_discography,other,17
29485113,2022_russian_invasion_of_ukraine,svitlodarsk,link,17
3175533,2022_russian_invasion_of_ukraine,elections_in_italy,other,17
2934886,2022_russian_invasion_of_ukraine,myanmar,other,17
8961998,2022_russian_invasion_of_ukraine,pavlopil,link,17
20178638,2022_russian_invasion_of_ukraine,lockheed_martin_f-35_lightning_ii,other,17
31541235,2022_russian_invasion_of_ukraine,top_gun,other,17
20741094,2022_russian_invasion_of_ukraine,sri_lanka,other,17
60398,2022_russian_invasion_of_ukraine,alexei_navalny,other,17
5068337,2022_russian_invasion_of_ukraine,meduza,link,17
32202289,2022_russian_invasion_of_ukraine,slava_ukraini,link,17
13138796,2022_russian_invasion_of_ukraine,bolivia,other,17
21749971,2022_russian_invasion_of_ukraine,2022_florida_gubernatorial_election,other,17
24505336,2022_russian_invasion_of_ukraine,list_of_formula_one_drivers,other,17
16034206,2022_russian_invasion_of_ukraine,moskva_(ship),other,17
8690902,2022_russian_invasion_of_ukraine,recession,other,16
27713485,2022_russian_invasion_of_ukraine,shahed_129,other,16
19212914,2022_russian_invasion_of_ukraine,colombian_conflict,link,16
22547802,2022_russian_invasion_of_ukraine,coal_in_europe,link,16
15353879,2022_russian_invasion_of_ukraine,xinjiang_conflict,link,16
29653715,2022_russian_invasion_of_ukraine,united_nations_human_rights_council,other,16
22501978,2022_russian_invasion_of_ukraine,next_united_kingdom_general_election,other,16
9685424,2022_russian_invasion_of_ukraine,conscription,other,16
9150290,2022_russian_invasion_of_ukraine,separatism,link,16
8733206,2022_russian_invasion_of_ukraine,117th_united_states_congress,other,16
16728371,2022_russian_invasion_of_ukraine,cuban_missile_crisis,other,16
3112772,2022_russian_invasion_of_ukraine,liz_truss,other,16
6375840,2022_russian_invasion_of_ukraine,greenhouse_gas_emissions,link,16
28696715,2022_russian_invasion_of_ukraine,think_tank,link,16
4991012,2022_russian_invasion_of_ukraine,"lyman,_ukraine",link,16
21364306,2022_russian_invasion_of_ukraine,mgm-140_atacms,other,16
26838186,2022_russian_invasion_of_ukraine,russian_world,link,16
4784716,2022_russian_invasion_of_ukraine,opposition_to_vladimir_putin_in_russia,link,16
26944245,2022_russian_invasion_of_ukraine,war_of_aggression,other,16
19097890,2022_russian_invasion_of_ukraine,freedom_of_russia_legion,link,16
30029883,2022_russian_invasion_of_ukraine,murder_of_pentecostals_in_sloviansk,link,16
24577340,2022_russian_invasion_of_ukraine,james_webb_space_telescope,other,16
30553555,2022_russian_invasion_of_ukraine,2018_moscow–constantinople_schism,link,16
30679344,2022_russian_invasion_of_ukraine,korean_conflict,link,16
1256733,2022_russian_invasion_of_ukraine,opinion_polling_for_the_2022_italian_general_election,other,16
24618940,2022_russian_invasion_of_ukraine,2022_vuelta_a_españa,other,16
17583716,2022_russian_invasion_of_ukraine,she-hulk:_attorney_at_law,other,16
13487281,2022_russian_invasion_of_ukraine,eleventh_emergency_special_session_of_the_united_nations_general_assembly,link,16
2564691,2022_russian_invasion_of_ukraine,vorzel,link,16
18730673,2022_russian_invasion_of_ukraine,shyrokyne_standoff,link,15
22016741,2022_russian_invasion_of_ukraine,manchester_united_f.c.,other,15
8204415,2022_russian_invasion_of_ukraine,new_york_city,other,15
27362951,2022_russian_invasion_of_ukraine,liz_cheney,other,15
7000617,2022_russian_invasion_of_ukraine,boris_yeltsin,link,15
6921434,2022_russian_invasion_of_ukraine,hawaii,other,15
6373026,2022_russian_invasion_of_ukraine,nbc_news,link,15
30289632,2022_russian_invasion_of_ukraine,philippines,other,15
5564792,2022_russian_invasion_of_ukraine,petroleum,link,15
24130017,2022_russian_invasion_of_ukraine,premier_league,other,15
12896489,2022_russian_invasion_of_ukraine,and_now_i_will_show_you_where_the_attack_on_belarus_was_prepared_from,link,15
26815643,2022_russian_invasion_of_ukraine,internal_conflict_in_myanmar,link,15
21558833,2022_russian_invasion_of_ukraine,romanian_revolution,other,15
14612137,2022_russian_invasion_of_ukraine,list_of_wars_and_anthropogenic_disasters_by_death_toll,other,15
4254511,2022_russian_invasion_of_ukraine,shoot_'em_up_(film),other,15
3797442,2022_russian_invasion_of_ukraine,the_atlantic,link,15
21771641,2022_russian_invasion_of_ukraine,batgirl_(film),other,15
3118322,2022_russian_invasion_of_ukraine,first_battle_of_donetsk_airport,link,15
22245569,2022_russian_invasion_of_ukraine,fights_on_the_ukrainian–russian_border_(2014),link,15
22969507,2022_russian_invasion_of_ukraine,islamic_state,other,15
9395559,2022_russian_invasion_of_ukraine,battle_of_debaltseve,link,15
29198752,2022_russian_invasion_of_ukraine,liveuamap,link,15
10159980,2022_russian_invasion_of_ukraine,zapad_2021,link,15
28133892,2022_russian_invasion_of_ukraine,kenya,other,15
11123093,2022_russian_invasion_of_ukraine,saudi_arabian–led_intervention_in_yemen,link,15
1343314,2022_russian_invasion_of_ukraine,saint_javelin,link,15
2868834,2022_russian_invasion_of_ukraine,azerbaijan,other,15
12268370,2022_russian_invasion_of_ukraine,game_of_thrones,other,15
18730432,2022_russian_invasion_of_ukraine,bosnia_and_herzegovina,other,15
11605873,2022_russian_invasion_of_ukraine,nuclear_warfare,other,15
17415449,2022_russian_invasion_of_ukraine,great_translation_movement,link,15
13363308,2022_russian_invasion_of_ukraine,novofedorivka,other,14
13163995,2022_russian_invasion_of_ukraine,joseph_stalin,other,14
21611487,2022_russian_invasion_of_ukraine,chelsea_f.c.,other,14
11389961,2022_russian_invasion_of_ukraine,mikoyan_mig-29,other,14
25374754,2022_russian_invasion_of_ukraine,canada,other,14
2456210,2022_russian_invasion_of_ukraine,2022_evacuation_of_the_donetsk_people's_republic_and_the_luhansk_people's_republic,link,14
12060177,2022_russian_invasion_of_ukraine,2021_black_sea_incident,link,14
13016930,2022_russian_invasion_of_ukraine,volnovakha_bus_attack,link,14
15569137,2022_russian_invasion_of_ukraine,m1_abrams,other,14
20937059,2022_russian_invasion_of_ukraine,better_call_saul,other,14
4052435,2022_russian_invasion_of_ukraine,ms._marvel_(tv_series),other,14
17281609,2022_russian_invasion_of_ukraine,t-80,other,14
8682135,2022_russian_invasion_of_ukraine,m270_multiple_launch_rocket_system,other,14
15634870,2022_russian_invasion_of_ukraine,list_of_ships_of_the_people's_liberation_army_navy,other,14
19752463,2022_russian_invasion_of_ukraine,food_and_agriculture_organization,link,14
8032663,2022_russian_invasion_of_ukraine,2014_ukrainian_air_force_il-76_shootdown,link,14
29152860,2022_russian_invasion_of_ukraine,slovakia,other,14
23657187,2022_russian_invasion_of_ukraine,artemis_program,other,14
27820046,2022_russian_invasion_of_ukraine,cnn_international,link,14
28220487,2022_russian_invasion_of_ukraine,austria,other,14
28118073,2022_russian_invasion_of_ukraine,evgeny_finkel,link,14
3302223,2022_russian_invasion_of_ukraine,universal_jurisdiction,other,14
17347362,2022_russian_invasion_of_ukraine,general_dynamics_f-16_fighting_falcon,other,14
20224442,2022_russian_invasion_of_ukraine,russian_political_jokes,link,14
9647034,2022_russian_invasion_of_ukraine,pakistan,other,14
16653229,2022_russian_invasion_of_ukraine,east_germany,other,14
20618900,2022_russian_invasion_of_ukraine,people's_liberation_army,other,14
96044,2022_russian_invasion_of_ukraine,russia–united_kingdom_relations,other,14
14221193,2022_russian_invasion_of_ukraine,list_of_elections_in_2022,other,14
24670701,2022_russian_invasion_of_ukraine,belarus–russia_relations,link,14
32140517,2022_russian_invasion_of_ukraine,russian_military_intervention_in_the_syrian_civil_war,link,13
32138905,2022_russian_invasion_of_ukraine,proposed_russian_annexation_of_transnistria,link,13
32156800,2022_russian_invasion_of_ukraine,nagorno-karabakh,other,13
413377,2022_russian_invasion_of_ukraine,mongolia,other,13
30713530,2022_russian_invasion_of_ukraine,impact_of_the_2022_russian_invasion_of_ukraine_on_nuclear_power_plants,link,13
30594029,2022_russian_invasion_of_ukraine,croatian_war_of_independence,link,13
16356056,2022_russian_invasion_of_ukraine,somalia,other,13
16976291,2022_russian_invasion_of_ukraine,generation_z_(song),link,13
1281955,2022_russian_invasion_of_ukraine,ammonia,link,13
14653104,2022_russian_invasion_of_ukraine,beachhead,link,13
5790291,2022_russian_invasion_of_ukraine,battle_of_france,other,13
19629567,2022_russian_invasion_of_ukraine,back_to_the_cold_war,link,13
24428187,2022_russian_invasion_of_ukraine,warsaw_uprising,other,13
21430740,2022_russian_invasion_of_ukraine,marvel_cinematic_universe,other,13
13481810,2022_russian_invasion_of_ukraine,turkmenistan,other,13
20680819,2022_russian_invasion_of_ukraine,2022_ncaa_division_i_fbs_football_season,other,13
20850890,2022_russian_invasion_of_ukraine,the_boys_(tv_series),other,13
21248245,2022_russian_invasion_of_ukraine,bayraktar_uav,other,13
6556184,2022_russian_invasion_of_ukraine,2007_munich_speech_of_vladimir_putin,link,13
21025264,2022_russian_invasion_of_ukraine,greece,other,13
23957625,2022_russian_invasion_of_ukraine,russian_usage_of_mobile_crematoriums_in_ukraine,link,13
23737830,2022_russian_invasion_of_ukraine,uefa_europa_league,other,13
12407512,2022_russian_invasion_of_ukraine,international_atomic_energy_agency,link,13
6767481,2022_russian_invasion_of_ukraine,novoazovsk,link,13
7203805,2022_russian_invasion_of_ukraine,ezra_miller,other,13
24813562,2022_russian_invasion_of_ukraine,abkhaz–georgian_conflict,link,13
15029113,2022_russian_invasion_of_ukraine,trump,other,13
16426698,2022_russian_invasion_of_ukraine,battle_of_berlin,other,13
17388881,2022_russian_invasion_of_ukraine,sexual_intercourse,other,13
3899073,2022_russian_invasion_of_ukraine,ukrainian_soviet_socialist_republic,other,13
17398316,2022_russian_invasion_of_ukraine,putler,link,13
26562519,2022_russian_invasion_of_ukraine,alaska,other,13
8882885,2022_russian_invasion_of_ukraine,chinese_unification,other,13
26032512,2022_russian_invasion_of_ukraine,polish_armed_forces,other,13
16038452,2022_russian_invasion_of_ukraine,sukhoi_su-35,other,13
5156518,2022_russian_invasion_of_ukraine,battle_of_ilovaisk,link,13
22455166,2022_russian_invasion_of_ukraine,she-hulk,other,13
15675409,2022_russian_invasion_of_ukraine,brovary,link,13
15091194,2022_russian_invasion_of_ukraine,united_states_navy,other,13
6883314,2022_russian_invasion_of_ukraine,"2,3,7,8-tetrachlorodibenzodioxin",other,13
11467248,2022_russian_invasion_of_ukraine,kharkiv_oblast,other,12
21753280,2022_russian_invasion_of_ukraine,abortion_law,other,12
21787349,2022_russian_invasion_of_ukraine,strictly_come_dancing_(series_19),other,12
2788882,2022_russian_invasion_of_ukraine,communism,other,12
11809544,2022_russian_invasion_of_ukraine,international_maritime_organization,link,12
20084175,2022_russian_invasion_of_ukraine,collective_security_treaty_organization,other,12
21097930,2022_russian_invasion_of_ukraine,list_of_proxy_wars,link,12
11851404,2022_russian_invasion_of_ukraine,list_of_sovereign_states,other,12
12522300,2022_russian_invasion_of_ukraine,david_axe,link,12
16671584,2022_russian_invasion_of_ukraine,oliver_stone,other,12
30111292,2022_russian_invasion_of_ukraine,viktor_orbán,other,12
1988983,2022_russian_invasion_of_ukraine,brics,other,12
29975316,2022_russian_invasion_of_ukraine,2022_motogp_world_championship,other,12
16451748,2022_russian_invasion_of_ukraine,aeroflot,other,12
17621310,2022_russian_invasion_of_ukraine,julius_caesar,other,12
16644671,2022_russian_invasion_of_ukraine,elvis_presley,other,12
11155216,2022_russian_invasion_of_ukraine,robb_elementary_school_shooting,other,12
3869592,2022_russian_invasion_of_ukraine,npr,link,12
22180628,2022_russian_invasion_of_ukraine,lockheed_martin_f-22_raptor,other,12
28012536,2022_russian_invasion_of_ukraine,north_korea–russia_relations,other,12
32332640,2022_russian_invasion_of_ukraine,south_korea,other,12
3925659,2022_russian_invasion_of_ukraine,vdv,other,12
32222725,2022_russian_invasion_of_ukraine,russian_civil_war,other,12
4115566,2022_russian_invasion_of_ukraine,battle_of_kyiv,other,12
3536137,2022_russian_invasion_of_ukraine,putin_khuylo!,link,12
24964798,2022_russian_invasion_of_ukraine,media_bias/fact_check,other,12
31926312,2022_russian_invasion_of_ukraine,ukrainian_navy,other,12
5787094,2022_russian_invasion_of_ukraine,russian_filtration_camps_for_ukrainians,link,12
27682119,2022_russian_invasion_of_ukraine,2019_united_kingdom_general_election,other,12
24309764,2022_russian_invasion_of_ukraine,maid_in_malacañang,other,12
24036430,2022_russian_invasion_of_ukraine,kim_kardashian,other,12
3477847,2022_russian_invasion_of_ukraine,foreign_relations_of_russia,other,12
6576107,2022_russian_invasion_of_ukraine,opinion_polling_for_the_next_united_kingdom_general_election,other,12
6670915,2022_russian_invasion_of_ukraine,chicago,other,12
31825233,2022_russian_invasion_of_ukraine,2022_visit_by_nancy_pelosi_to_taiwan,other,12
10024257,2022_russian_invasion_of_ukraine,lightyear_(film),other,12
22788090,2022_russian_invasion_of_ukraine,schutzstaffel,other,12
7051895,2022_russian_invasion_of_ukraine,star_wars,other,12
7253031,2022_russian_invasion_of_ukraine,2022_european_heat_waves,other,12
22273393,2022_russian_invasion_of_ukraine,operation_ganga,link,12
3673994,2022_russian_invasion_of_ukraine,principality_of_sealand,other,11
15296461,2022_russian_invasion_of_ukraine,anglophone_crisis,link,11
8655130,2022_russian_invasion_of_ukraine,isw,other,11
3642834,2022_russian_invasion_of_ukraine,slava_ukraini!_(song),link,11
4945684,2022_russian_invasion_of_ukraine,dutch_golden_age_painting,other,11
2394301,2022_russian_invasion_of_ukraine,mrbeast,other,11
4488310,2022_russian_invasion_of_ukraine,jamaican_political_conflict,link,11
29684484,2022_russian_invasion_of_ukraine,list_of_wars_involving_israel,other,11
11341779,2022_russian_invasion_of_ukraine,"bezimenne,_novoazovsk_raion",link,11
27065651,2022_russian_invasion_of_ukraine,fascism,other,11
31304463,2022_russian_invasion_of_ukraine,world_bank_group,link,11
9497867,2022_russian_invasion_of_ukraine,switzerland,other,11
10388176,2022_russian_invasion_of_ukraine,uzhhorod,other,11
3529215,2022_russian_invasion_of_ukraine,ron_desantis,other,11
12229540,2022_russian_invasion_of_ukraine,guadalcanal_campaign,other,11
2759998,2022_russian_invasion_of_ukraine,lgbt_rights_in_ukraine,other,11
30142252,2022_russian_invasion_of_ukraine,united_nations_general_assembly_resolution_es-11/3,link,11
7420652,2022_russian_invasion_of_ukraine,monarchy_of_the_united_kingdom,other,11
14350513,2022_russian_invasion_of_ukraine,human_development_index,other,11
14305836,2022_russian_invasion_of_ukraine,latvia,other,11
5813530,2022_russian_invasion_of_ukraine,mexico,other,11
14263548,2022_russian_invasion_of_ukraine,elden_ring,other,11
14131212,2022_russian_invasion_of_ukraine,russian–ukrainian_cyberwarfare,link,11
31198948,2022_russian_invasion_of_ukraine,saint_petersburg,other,11
13907210,2022_russian_invasion_of_ukraine,primal_(tv_series),other,11
11745835,2022_russian_invasion_of_ukraine,pbs_newshour,link,11
5890374,2022_russian_invasion_of_ukraine,ethiopian_civil_conflict_(2018–present),link,11
12985386,2022_russian_invasion_of_ukraine,ministry_of_defence_(ukraine),link,11
11766253,2022_russian_invasion_of_ukraine,insurgency_in_cabo_delgado,link,11
3293933,2022_russian_invasion_of_ukraine,johnny_depp,other,11
2385896,2022_russian_invasion_of_ukraine,improvised_vehicle_armour,other,11
1530844,2022_russian_invasion_of_ukraine,pornography,other,11
25693174,2022_russian_invasion_of_ukraine,george_floyd_protests,other,11
21470641,2022_russian_invasion_of_ukraine,le_monde,link,11
1646398,2022_russian_invasion_of_ukraine,fossil_fuel_exporters,link,11
21417736,2022_russian_invasion_of_ukraine,pelosi,other,11
20432767,2022_russian_invasion_of_ukraine,american_civil_war,other,11
23112687,2022_russian_invasion_of_ukraine,china's_final_warning,other,11
19740357,2022_russian_invasion_of_ukraine,owl,other,11
25014419,2022_russian_invasion_of_ukraine,kurdish–turkish_conflict_(1978–present),link,11
19597173,2022_russian_invasion_of_ukraine,novosvitlivka_refugee_convoy_attack,link,11
19336019,2022_russian_invasion_of_ukraine,occupied_territories_of_ukraine,link,11
20971007,2022_russian_invasion_of_ukraine,antarctica,other,11
25182704,2022_russian_invasion_of_ukraine,war_in_afghanistan,other,11
23050454,2022_russian_invasion_of_ukraine,the_jewish_journal_of_greater_los_angeles,link,11
28785993,2022_russian_invasion_of_ukraine,t-64,other,11
24245555,2022_russian_invasion_of_ukraine,oleksandr_usyk,other,11
24010171,2022_russian_invasion_of_ukraine,netherlands,other,11
28221957,2022_russian_invasion_of_ukraine,potential_enlargement_of_the_european_union,other,11
18397611,2022_russian_invasion_of_ukraine,hrim-2,other,11
17460136,2022_russian_invasion_of_ukraine,stefania_(song),link,11
2139617,2022_russian_invasion_of_ukraine,nuclear_weapon,other,11
22234642,2022_russian_invasion_of_ukraine,wunderwaffe,other,11
27014227,2022_russian_invasion_of_ukraine,stoneman_douglas_high_school_shooting,other,11
26946197,2022_russian_invasion_of_ukraine,mithraism,other,11
26608744,2022_russian_invasion_of_ukraine,italy,other,11
20959018,2022_russian_invasion_of_ukraine,z,other,11
28137409,2022_russian_invasion_of_ukraine,"embassy_of_russia,_kyiv",link,11
18531973,2022_russian_invasion_of_ukraine,google,other,11
28182479,2022_russian_invasion_of_ukraine,2022_israel–palestine_escalation,other,11
22107059,2022_russian_invasion_of_ukraine,commonwealth_games,other,11
18766773,2022_russian_invasion_of_ukraine,thirty_years'_war,other,11
18892305,2022_russian_invasion_of_ukraine,uefa_coefficient,other,11
23268032,2022_russian_invasion_of_ukraine,killing_of_darya_dugina,link,10
6824368,2022_russian_invasion_of_ukraine,crimea_platform,link,10
16892000,2022_russian_invasion_of_ukraine,bullet_train_(film),other,10
23180602,2022_russian_invasion_of_ukraine,joe_rogan,other,10
7163478,2022_russian_invasion_of_ukraine,osama_bin_laden,other,10
22574576,2022_russian_invasion_of_ukraine,avdiivka,other,10
7412377,2022_russian_invasion_of_ukraine,potassium_chloride,link,10
22557748,2022_russian_invasion_of_ukraine,battle_of_kharkiv,other,10
23355212,2022_russian_invasion_of_ukraine,roman_empire,other,10
24451940,2022_russian_invasion_of_ukraine,bihar_legislative_assembly,other,10
27927440,2022_russian_invasion_of_ukraine,defection,other,10
25561592,2022_russian_invasion_of_ukraine,speeches_by_volodymyr_zelenskyy_during_the_2022_russian_invasion_of_ukraine,link,10
39019,2022_russian_invasion_of_ukraine,grease_(film),other,10
1009434,2022_russian_invasion_of_ukraine,somali_civil_war_(2009–present),link,10
26157690,2022_russian_invasion_of_ukraine,attacks_on_civilians_in_the_2022_russian_invasion_of_ukraine,link,10
32217880,2022_russian_invasion_of_ukraine,spain,other,10
4472014,2022_russian_invasion_of_ukraine,united_states_and_the_2022_russian_invasion_of_ukraine,link,10
26052109,2022_russian_invasion_of_ukraine,panathinaikos_f.c.,other,10
4723446,2022_russian_invasion_of_ukraine,2022_bwf_world_championships,other,10
25595533,2022_russian_invasion_of_ukraine,allied_democratic_forces_insurgency,link,10
25523792,2022_russian_invasion_of_ukraine,president_of_russia,link,10
23958866,2022_russian_invasion_of_ukraine,netflix,other,10
5593583,2022_russian_invasion_of_ukraine,cnn,link,10
24907954,2022_russian_invasion_of_ukraine,holodomor,other,10
27672279,2022_russian_invasion_of_ukraine,good_evening_(where_are_you_from?),link,10
9273180,2022_russian_invasion_of_ukraine,the_sunday_times,link,10
31847943,2022_russian_invasion_of_ukraine,2022–23_uefa_champions_league,other,10
27701891,2022_russian_invasion_of_ukraine,egypt,other,10
27775107,2022_russian_invasion_of_ukraine,free_buryatia_foundation,link,10
6023856,2022_russian_invasion_of_ukraine,singapore,other,10
9133334,2022_russian_invasion_of_ukraine,saudi_arabia,other,10
10375056,2022_russian_invasion_of_ukraine,battle_of_kramatorsk,link,10
22218881,2022_russian_invasion_of_ukraine,platinum,link,10
3016044,2022_russian_invasion_of_ukraine,africa,other,10
13596488,2022_russian_invasion_of_ukraine,scotland,other,10
29189994,2022_russian_invasion_of_ukraine,uzbekistan,other,10
14279609,2022_russian_invasion_of_ukraine,wikipedia_and_the_2022_russian_invasion_of_ukraine,link,10
1927480,2022_russian_invasion_of_ukraine,volgograd,other,10
19279562,2022_russian_invasion_of_ukraine,saki,other,10
19260805,2022_russian_invasion_of_ukraine,armed_forces_of_belarus,other,10
14718715,2022_russian_invasion_of_ukraine,frozen_conflict,link,10
14907826,2022_russian_invasion_of_ukraine,thailand,other,10
14913710,2022_russian_invasion_of_ukraine,cat,other,10
19253530,2022_russian_invasion_of_ukraine,german_empire,other,10
19082027,2022_russian_invasion_of_ukraine,2022_in_the_united_states,other,10
15694931,2022_russian_invasion_of_ukraine,"embassy_of_ukraine,_moscow",link,10
29406015,2022_russian_invasion_of_ukraine,stray_(video_game),other,10
15741627,2022_russian_invasion_of_ukraine,the_daily_telegraph,link,10
16220785,2022_russian_invasion_of_ukraine,jordan_peterson,other,10
29718055,2022_russian_invasion_of_ukraine,sino-vietnamese_war,other,10
16366493,2022_russian_invasion_of_ukraine,extraordinary_attorney_woo,other,10
2125310,2022_russian_invasion_of_ukraine,chile,other,10
18076910,2022_russian_invasion_of_ukraine,benito_mussolini,other,10
20482101,2022_russian_invasion_of_ukraine,wikisource,link,10
13366891,2022_russian_invasion_of_ukraine,generation_cancellation,link,10
12983783,2022_russian_invasion_of_ukraine,australia,other,10
21746104,2022_russian_invasion_of_ukraine,spacex,other,10
2997768,2022_russian_invasion_of_ukraine,2022_russian_mystery_deaths,link,10
28263461,2022_russian_invasion_of_ukraine,westworld_(tv_series),other,10
10150855,2022_russian_invasion_of_ukraine,flakpanzer_gepard,other,10
10186206,2022_russian_invasion_of_ukraine,antonivka_road_bridge,other,10
10186986,2022_russian_invasion_of_ukraine,chiapas_conflict,link,10
17448867,2022_russian_invasion_of_ukraine,it_army_of_ukraine,link,10
11060124,2022_russian_invasion_of_ukraine,ukrainian_language,other,10
21788566,2022_russian_invasion_of_ukraine,bmp-1,other,10
21741475,2022_russian_invasion_of_ukraine,michael_jackson,other,10
12600233,2022_russian_invasion_of_ukraine,russia–ukraine_border,link,10
11474066,2022_russian_invasion_of_ukraine,loyalist_feud,link,10
21221831,2022_russian_invasion_of_ukraine,the_troubles,other,10
28700789,2022_russian_invasion_of_ukraine,united_states_armed_forces,other,10
21063930,2022_russian_invasion_of_ukraine,pornhub,other,10
12311217,2022_russian_invasion_of_ukraine,lend-lease,other,10
718835,2022_russian_invasion_of_ukraine,2021,other,10
12483211,2022_russian_invasion_of_ukraine,destroyed_russian_military_equipment_exhibition,link,10
12517499,2022_russian_invasion_of_ukraine,economy_of_pakistan,other,10
27084356,2022_russian_invasion_of_ukraine,franco-prussian_war,other,10
